Name,Due Date,Priority,Status,URL,Description,Project,Created,Edited,Resources,Area,Daily Highlight,Energy,Goal,Notes,Parent Task,Sub-task,Contexts,Event
Nível 0 - Boas-vindas ao Explorer,"September 4, 2023",,Completed,,,Course Explorer (https://www.notion.so/Course-Explorer-3b616ff86e6b4f3fa0141a5c97e93889?pvs=21),"September 13, 2023 3:09 PM","September 13, 2023 3:32 PM",,,No,,,,,,,
Nível 1 - Land 01 - Início da missão,"September 4, 2023",,Completed,,,Course Explorer (https://www.notion.so/Course-Explorer-3b616ff86e6b4f3fa0141a5c97e93889?pvs=21),"September 13, 2023 3:09 PM","September 13, 2023 3:32 PM",,,No,,,,,,,
Nível 1 - Feedback,"September 4, 2023",,Completed,,,Course Explorer (https://www.notion.so/Course-Explorer-3b616ff86e6b4f3fa0141a5c97e93889?pvs=21),"September 13, 2023 3:15 PM","September 13, 2023 3:33 PM",,,No,,,,,,,
Nível 2 - Land 02 - Objetivos e Planejamento,"September 4, 2023",,Completed,,,Course Explorer (https://www.notion.so/Course-Explorer-3b616ff86e6b4f3fa0141a5c97e93889?pvs=21),"September 13, 2023 3:15 PM","September 20, 2023 11:18 AM",,,No,,,,,,,
Nivel 2 - Introdução ao HTML e CSS,"September 20, 2023",,Next Action,https://app.rocketseat.com.br/node/stage-02,,Course Explorer (https://www.notion.so/Course-Explorer-3b616ff86e6b4f3fa0141a5c97e93889?pvs=21),"September 13, 2023 3:17 PM","September 20, 2023 11:20 AM",,,Yes,,,,,,,
Nível 2 - Feedback,"September 20, 2023",,Next Action,,,Course Explorer (https://www.notion.so/Course-Explorer-3b616ff86e6b4f3fa0141a5c97e93889?pvs=21),"September 13, 2023 3:21 PM","September 20, 2023 11:20 AM",,,No,,,,,,,
"Nível 3 - Land 03 - Aprendizado, Estudos e Técnicas","September 20, 2023",,Next Action,,,Course Explorer (https://www.notion.so/Course-Explorer-3b616ff86e6b4f3fa0141a5c97e93889?pvs=21),"September 13, 2023 3:20 PM","September 20, 2023 11:12 AM",,,No,,,,,,,
Nível 3 - Stage 03 - Avançando no HTML e CSS,"September 22, 2023",,Next Action,,,Course Explorer (https://www.notion.so/Course-Explorer-3b616ff86e6b4f3fa0141a5c97e93889?pvs=21),"September 13, 2023 3:21 PM","September 20, 2023 11:20 AM",,,No,,,,,,,
Nível 3 - Feedback,"September 22, 2023",,Next Action,,,Course Explorer (https://www.notion.so/Course-Explorer-3b616ff86e6b4f3fa0141a5c97e93889?pvs=21),"September 13, 2023 3:21 PM","September 20, 2023 11:20 AM",,,No,,,,,,,
Nível 4 - Land 04 - Mentalidade,"September 22, 2023",,Next Action,,,Course Explorer (https://www.notion.so/Course-Explorer-3b616ff86e6b4f3fa0141a5c97e93889?pvs=21),"September 13, 2023 3:22 PM","September 20, 2023 11:20 AM",,,No,,,,,,,
Nível 4 - Stage 04 - Introdução aos conceitos JavaScript,"September 24, 2023",,Next Action,,,Course Explorer (https://www.notion.so/Course-Explorer-3b616ff86e6b4f3fa0141a5c97e93889?pvs=21),"September 13, 2023 3:22 PM","September 20, 2023 11:20 AM",,,No,,,,,,,
"Nível 4 - Stage 04 - Introdução à programação, lógica e algoritmos com JavaScript",,,Next Action,,,Course Explorer (https://www.notion.so/Course-Explorer-3b616ff86e6b4f3fa0141a5c97e93889?pvs=21),"September 13, 2023 3:23 PM","September 13, 2023 3:23 PM",,,No,,,,,,,
Nível 4 - Feedback,,,Next Action,,,Course Explorer (https://www.notion.so/Course-Explorer-3b616ff86e6b4f3fa0141a5c97e93889?pvs=21),"September 13, 2023 3:23 PM","September 13, 2023 3:23 PM",,,No,,,,,,,
Nível 5 - Stage 05 - Avançando no JavaScript,,,Next Action,,,Course Explorer (https://www.notion.so/Course-Explorer-3b616ff86e6b4f3fa0141a5c97e93889?pvs=21),"September 13, 2023 3:24 PM","September 13, 2023 3:24 PM",,,No,,,,,,,
Nível 5 - Feedback,,,Next Action,,,Course Explorer (https://www.notion.so/Course-Explorer-3b616ff86e6b4f3fa0141a5c97e93889?pvs=21),"September 13, 2023 3:24 PM","September 13, 2023 3:24 PM",,,No,,,,,,,
Nível 06 - Land 06 - Marca Pessoal no LinkedIn,,,Next Action,,,Course Explorer (https://www.notion.so/Course-Explorer-3b616ff86e6b4f3fa0141a5c97e93889?pvs=21),"September 13, 2023 3:24 PM","September 13, 2023 3:25 PM",,,No,,,,,,,
Nível 06 - Stage 06 - JavaScript antes do framework,,,Next Action,,,Course Explorer (https://www.notion.so/Course-Explorer-3b616ff86e6b4f3fa0141a5c97e93889?pvs=21),"September 13, 2023 3:25 PM","September 13, 2023 3:25 PM",,,No,,,,,,,
Nível 06 - Feedback,,,Next Action,,,Course Explorer (https://www.notion.so/Course-Explorer-3b616ff86e6b4f3fa0141a5c97e93889?pvs=21),"September 13, 2023 3:25 PM","September 13, 2023 3:25 PM",,,No,,,,,,,
Nível 7 - Land 07 - Encontrando soluções,,,Next Action,,,Course Explorer (https://www.notion.so/Course-Explorer-3b616ff86e6b4f3fa0141a5c97e93889?pvs=21),"September 13, 2023 3:25 PM","September 13, 2023 3:26 PM",,,No,,,,,,,
Nível 7 - Stage 07 - Git & Github,,,Next Action,,,Course Explorer (https://www.notion.so/Course-Explorer-3b616ff86e6b4f3fa0141a5c97e93889?pvs=21),"September 13, 2023 3:26 PM","September 13, 2023 3:26 PM",,,No,,,,,,,
Nível 7 - Feedback,,,Next Action,,,Course Explorer (https://www.notion.so/Course-Explorer-3b616ff86e6b4f3fa0141a5c97e93889?pvs=21),"September 13, 2023 3:26 PM","September 13, 2023 3:26 PM",,,No,,,,,,,
Nível 8 - Land 08 - Inglês,,,Next Action,,,Course Explorer (https://www.notion.so/Course-Explorer-3b616ff86e6b4f3fa0141a5c97e93889?pvs=21),"September 13, 2023 3:26 PM","September 13, 2023 3:26 PM",,,No,,,,,,,
Nível 8 - Stage 08 - Backend,,,Next Action,,,Course Explorer (https://www.notion.so/Course-Explorer-3b616ff86e6b4f3fa0141a5c97e93889?pvs=21),"September 13, 2023 3:26 PM","September 13, 2023 3:27 PM",,,No,,,,,,,
Nível 8 - Feedback,,,Next Action,,,Course Explorer (https://www.notion.so/Course-Explorer-3b616ff86e6b4f3fa0141a5c97e93889?pvs=21),"September 13, 2023 3:27 PM","September 13, 2023 3:27 PM",,,No,,,,,,,
Nível 9 - Land 09 - Projetos Pessoais,,,Next Action,,,Course Explorer (https://www.notion.so/Course-Explorer-3b616ff86e6b4f3fa0141a5c97e93889?pvs=21),"September 13, 2023 3:27 PM","September 13, 2023 3:27 PM",,,No,,,,,,,
Nível 9 - Stage 09 - Frontend,,,Next Action,,,Course Explorer (https://www.notion.so/Course-Explorer-3b616ff86e6b4f3fa0141a5c97e93889?pvs=21),"September 13, 2023 3:27 PM","September 13, 2023 3:27 PM",,,No,,,,,,,
Nível 9 - Feedback,,,Next Action,,,Course Explorer (https://www.notion.so/Course-Explorer-3b616ff86e6b4f3fa0141a5c97e93889?pvs=21),"September 13, 2023 3:27 PM","September 13, 2023 3:27 PM",,,No,,,,,,,
Nível 10 - Land 10 - Emprego,,,Next Action,,,Course Explorer (https://www.notion.so/Course-Explorer-3b616ff86e6b4f3fa0141a5c97e93889?pvs=21),"September 13, 2023 3:27 PM","September 13, 2023 3:28 PM",,,No,,,,,,,
Nível 10 - Stage 10 - API Restful,,,Next Action,,,Course Explorer (https://www.notion.so/Course-Explorer-3b616ff86e6b4f3fa0141a5c97e93889?pvs=21),"September 13, 2023 3:28 PM","September 13, 2023 3:28 PM",,,No,,,,,,,
Nível 10 - Feedback,,,Next Action,,,Course Explorer (https://www.notion.so/Course-Explorer-3b616ff86e6b4f3fa0141a5c97e93889?pvs=21),"September 13, 2023 3:28 PM","September 13, 2023 3:28 PM",,,No,,,,,,,
Nível 11 - Stage 11 - Deploy,,,Next Action,,,Course Explorer (https://www.notion.so/Course-Explorer-3b616ff86e6b4f3fa0141a5c97e93889?pvs=21),"September 13, 2023 3:28 PM","September 13, 2023 3:28 PM",,,No,,,,,,,
Nível 11 - Stage 11 - Testes Automatizados,,,Next Action,,,Course Explorer (https://www.notion.so/Course-Explorer-3b616ff86e6b4f3fa0141a5c97e93889?pvs=21),"September 13, 2023 3:29 PM","September 13, 2023 3:29 PM",,,No,,,,,,,
Nível 11 - Feedback,,,Next Action,,,Course Explorer (https://www.notion.so/Course-Explorer-3b616ff86e6b4f3fa0141a5c97e93889?pvs=21),"September 13, 2023 3:29 PM","September 13, 2023 3:29 PM",,,No,,,,,,,
Conteúdo Extra: Autenticação e Autorização,,,Next Action,,,Course Explorer (https://www.notion.so/Course-Explorer-3b616ff86e6b4f3fa0141a5c97e93889?pvs=21),"September 13, 2023 3:29 PM","September 13, 2023 3:29 PM",,,No,,,,,,,
Desafio Final,,,Next Action,,,Course Explorer (https://www.notion.so/Course-Explorer-3b616ff86e6b4f3fa0141a5c97e93889?pvs=21),"September 13, 2023 3:30 PM","September 13, 2023 3:30 PM",,,No,,,,,,,
A1_Grammar_01 | Present Simple,"July 30, 2023",,Completed,https://youtu.be/Z19NAX_gWxI,,3 month english (https://www.notion.so/3-month-english-f10cfae8ca5046898ea8c4bd47b5762b?pvs=21),"June 16, 2023 11:52 AM","September 13, 2023 1:23 PM",Simple Present (https://www.notion.so/Simple-Present-a7f6893d49434a6cb80cbd198e0dc608?pvs=21),Language Learning (https://www.notion.so/Language-Learning-fb31ebaf7b814ffd9b603d3ac7b81c64?pvs=21),No,,,,,,,
A1_Grammar_02 | Pronouns,,,Completed,https://youtu.be/1_6-iVACkLA,,3 month english (https://www.notion.so/3-month-english-f10cfae8ca5046898ea8c4bd47b5762b?pvs=21),"June 16, 2023 11:59 AM","September 13, 2023 1:25 PM",,,No,,,,,,,
A1_Grammar_03 | Articles,,,Completed,https://youtu.be/3zJQoQLCeNo,,3 month english (https://www.notion.so/3-month-english-f10cfae8ca5046898ea8c4bd47b5762b?pvs=21),"June 16, 2023 12:00 PM","September 13, 2023 1:25 PM",,,No,,,,,,,
A1_Grammar_06 | Conjunctions / Linkers,"September 6, 2023",,Completed,https://youtu.be/Yo1XSo995iU,,3 month english (https://www.notion.so/3-month-english-f10cfae8ca5046898ea8c4bd47b5762b?pvs=21),"June 16, 2023 12:00 PM","September 13, 2023 1:25 PM",,,No,,,,,,,
A1_Grammar_07 | Irregular Plurals,"September 6, 2023",,Completed,https://youtu.be/_MSrkgwSgS0,,3 month english (https://www.notion.so/3-month-english-f10cfae8ca5046898ea8c4bd47b5762b?pvs=21),"June 16, 2023 12:01 PM","September 13, 2023 1:26 PM",,,No,,,,,,,
A1_Vocabulary_01 | Numbers (cardinal/ordinal),"August 3, 2023",,Completed,https://youtu.be/bhgzqbv9Rxk,,3 month english (https://www.notion.so/3-month-english-f10cfae8ca5046898ea8c4bd47b5762b?pvs=21),"June 16, 2023 12:02 PM","September 13, 2023 1:29 PM",,,No,,,,,,,
A1_Vocabulary_03 | Countries and Nationalities,,,Completed,https://youtu.be/ZwSmUux1ZSg,,3 month english (https://www.notion.so/3-month-english-f10cfae8ca5046898ea8c4bd47b5762b?pvs=21),"June 16, 2023 12:03 PM","September 13, 2023 1:27 PM",,,No,,,,,,,
A1_Vocabulary_05 | How to say the time,,,Completed,https://youtu.be/-fCcdzHj7fg,,3 month english (https://www.notion.so/3-month-english-f10cfae8ca5046898ea8c4bd47b5762b?pvs=21),"June 16, 2023 12:03 PM","September 13, 2023 1:30 PM",,,No,,,,,,,
"A1_Vocabulary_06 | Days, dates, months, years and seasons","September 5, 2023",,Completed,https://youtu.be/QlhY9yQCI98,,3 month english (https://www.notion.so/3-month-english-f10cfae8ca5046898ea8c4bd47b5762b?pvs=21),"June 16, 2023 12:03 PM","September 13, 2023 1:27 PM",,,No,,,,,,,
A1_Vocabulary_07 | Shops and places,"September 6, 2023",,Completed,https://youtu.be/hpX8UkieizY,,3 month english (https://www.notion.so/3-month-english-f10cfae8ca5046898ea8c4bd47b5762b?pvs=21),"June 16, 2023 12:04 PM","September 13, 2023 1:30 PM",,,No,,,,,,,
A1_Topics_01 | Greeting and intruducing,"August 3, 2023",,Completed,https://youtu.be/ZL74qIBAPek,,3 month english (https://www.notion.so/3-month-english-f10cfae8ca5046898ea8c4bd47b5762b?pvs=21),"June 16, 2023 12:05 PM","September 13, 2023 1:29 PM",,,No,,,,,,,
A1_Topics_02 | Buying and asking prices,,,Completed,https://youtu.be/ug-xjtExqKA,,3 month english (https://www.notion.so/3-month-english-f10cfae8ca5046898ea8c4bd47b5762b?pvs=21),"June 16, 2023 12:05 PM","September 13, 2023 1:27 PM",,,No,,,,,,,
A1_Topics_03 | Asking about personal information,"September 5, 2023",,Completed,https://youtu.be/gSq_4EVrJsE,,3 month english (https://www.notion.so/3-month-english-f10cfae8ca5046898ea8c4bd47b5762b?pvs=21),"June 16, 2023 12:05 PM","September 13, 2023 1:27 PM",,,No,,,,,,,
A1_Topics_04 | Describing people and objects,"September 5, 2023",,Completed,https://youtu.be/hsAt_SUspDI,,3 month english (https://www.notion.so/3-month-english-f10cfae8ca5046898ea8c4bd47b5762b?pvs=21),"June 16, 2023 12:06 PM","September 13, 2023 1:29 PM",,,No,,,,,,,
A1_Topics_06 | Talking about frequency and time duration,"September 6, 2023",,Completed,https://youtu.be/vAHD0rqlj8I,,3 month english (https://www.notion.so/3-month-english-f10cfae8ca5046898ea8c4bd47b5762b?pvs=21),"June 16, 2023 12:06 PM","September 13, 2023 1:30 PM",,,No,,,,,,,
A1_Grammar_05 | Prepositions of time,"September 5, 2023",,Completed,https://youtu.be/n3JaBrsistk,,3 month english (https://www.notion.so/3-month-english-f10cfae8ca5046898ea8c4bd47b5762b?pvs=21),"June 16, 2023 12:25 PM","September 13, 2023 1:25 PM",,,No,,,,,,,
Finalizar Ultima Lição,,,Eliminated,https://build.w3d.community/,Estou aguardando retorna da comunidade para conseguir identificar qual problema esta ocorrendo para que eu consiga finalizar a atividade,BootCamp - Web3Dev (https://www.notion.so/BootCamp-Web3Dev-a1b71238d2e64e5293341fc9fe134166?pvs=21),"June 23, 2023 1:08 PM","September 4, 2023 2:37 PM",,,No,,,,,,,
Pay second part to Oswaldo,"July 31, 2023",,Completed,,,Alberta License Driver (https://www.notion.so/Alberta-License-Driver-e9b2152c9c6d4b7a86250b487a924c34?pvs=21),"July 29, 2023 5:27 PM","August 29, 2023 9:55 AM",,,No,,,,,,,
Receive translations documents,"August 3, 2023",,Completed,,,Alberta License Driver (https://www.notion.so/Alberta-License-Driver-e9b2152c9c6d4b7a86250b487a924c34?pvs=21),"July 29, 2023 5:28 PM","August 29, 2023 9:55 AM",,,No,,,,,,,
Pay first part to Oswaldo,"July 28, 2023",,Completed,,,Alberta License Driver (https://www.notion.so/Alberta-License-Driver-e9b2152c9c6d4b7a86250b487a924c34?pvs=21),"July 29, 2023 5:29 PM","August 29, 2023 9:55 AM",,,No,,,,,,,
Study Questions,"July 29, 2023",,Completed,,,Alberta License Driver (https://www.notion.so/Alberta-License-Driver-e9b2152c9c6d4b7a86250b487a924c34?pvs=21),"July 29, 2023 5:31 PM","August 29, 2023 9:55 AM",Questions Alberta Driver License  (https://www.notion.so/Questions-Alberta-Driver-License-ae59bc06973347af83a1ad9dce655f25?pvs=21),,No,,,,,,,
Study Questions,"July 30, 2023",,Completed,,,Alberta License Driver (https://www.notion.so/Alberta-License-Driver-e9b2152c9c6d4b7a86250b487a924c34?pvs=21),"July 29, 2023 5:32 PM","August 29, 2023 9:55 AM",Questions Alberta Driver License  (https://www.notion.so/Questions-Alberta-Driver-License-ae59bc06973347af83a1ad9dce655f25?pvs=21),,No,,,,,,,
Do theory test,"August 4, 2023",,Completed,,,Alberta License Driver (https://www.notion.so/Alberta-License-Driver-e9b2152c9c6d4b7a86250b487a924c34?pvs=21),"July 29, 2023 5:32 PM","September 4, 2023 2:39 PM","GDL Exemption Process (https://www.notion.so/GDL-Exemption-Process-484326df367e46d084e8aa23fdf27226?pvs=21), TLC - The License Company (https://www.notion.so/TLC-The-License-Company-0a7047108c3e423c9a275568cc5d0a7a?pvs=21)",,No,,,,,,,
Study Questions,"August 3, 2023",,Completed,,,Alberta License Driver (https://www.notion.so/Alberta-License-Driver-e9b2152c9c6d4b7a86250b487a924c34?pvs=21),"July 29, 2023 5:40 PM","August 29, 2023 9:55 AM",Questions Alberta Driver License  (https://www.notion.so/Questions-Alberta-Driver-License-ae59bc06973347af83a1ad9dce655f25?pvs=21),,No,,,,,,,
Verificar como funciona prova pratica,"September 5, 2023",,Completed,,,Alberta License Driver (https://www.notion.so/Alberta-License-Driver-e9b2152c9c6d4b7a86250b487a924c34?pvs=21),"September 4, 2023 2:39 PM","September 5, 2023 10:39 AM",,,No,,,,,,,
https://www.linkedin.com/learning/programming-foundations-beyond-the-fundamentals?contextUrn=urn%3Ali%3AlyndaLearningPath%3A62f55081498ea51c77208c51,"September 15, 2023",,Next Action,,,LinkedIN Learning (https://www.notion.so/LinkedIN-Learning-046d9e6a26164541b9f9fb7e882f2eb7?pvs=21),"September 13, 2023 12:05 PM","September 13, 2023 10:30 PM",,,No,,,,,,,
https://www.linkedin.com/learning/programming-foundations-fundamentals-3?contextUrn=urn%3Ali%3AlyndaLearningPath%3A62f55081498ea51c77208c51,"September 14, 2023",,Next Action,,,LinkedIN Learning (https://www.notion.so/LinkedIN-Learning-046d9e6a26164541b9f9fb7e882f2eb7?pvs=21),"September 13, 2023 12:06 PM","September 13, 2023 10:30 PM",,,No,,,,,,,
Agendar novo teste prático,"September 14, 2023",,Next Action,,,Alberta License Driver (https://www.notion.so/Alberta-License-Driver-e9b2152c9c6d4b7a86250b487a924c34?pvs=21),"September 13, 2023 12:17 PM","September 13, 2023 11:28 PM",Alberta Road Test (https://www.notion.so/Alberta-Road-Test-8378b4d96ddd4859a7fd1cee5c0bc282?pvs=21),,No,,,,,,,
Estudar livro,,,Waiting,,,Alberta License Driver (https://www.notion.so/Alberta-License-Driver-e9b2152c9c6d4b7a86250b487a924c34?pvs=21),"September 13, 2023 12:17 PM","September 13, 2023 12:17 PM",,,No,,,,,,,
Fazer novo teste,,,Waiting,,,Alberta License Driver (https://www.notion.so/Alberta-License-Driver-e9b2152c9c6d4b7a86250b487a924c34?pvs=21),"September 13, 2023 12:17 PM","September 13, 2023 12:17 PM",,,No,,,,,,,
A1_Grammar_04 | Prepositions of place,"September 14, 2023",,Next Action,,,3 month english (https://www.notion.so/3-month-english-f10cfae8ca5046898ea8c4bd47b5762b?pvs=21),"September 13, 2023 1:32 PM","September 13, 2023 11:27 PM",,,No,,,,,,,
A1_Grammar_08 | Possessive,,,Next Action,,,3 month english (https://www.notion.so/3-month-english-f10cfae8ca5046898ea8c4bd47b5762b?pvs=21),"September 13, 2023 1:32 PM","September 13, 2023 1:32 PM",,,No,,,,,,,
New Task,,,Inbox,,,,"September 13, 2023 1:32 PM","September 13, 2023 1:32 PM",,,No,,,,,,,
A1_Grammar_09 | Adjectives,,,Next Action,,,3 month english (https://www.notion.so/3-month-english-f10cfae8ca5046898ea8c4bd47b5762b?pvs=21),"September 13, 2023 1:33 PM","September 13, 2023 1:33 PM",,,No,,,,,,,
A1_Grammar_10 | Too / Very,,,Next Action,,,3 month english (https://www.notion.so/3-month-english-f10cfae8ca5046898ea8c4bd47b5762b?pvs=21),"September 13, 2023 1:33 PM","September 13, 2023 1:33 PM",,,No,,,,,,,
A1_Grammar_11 | Can (ability/possibility),,,Next Action,,,3 month english (https://www.notion.so/3-month-english-f10cfae8ca5046898ea8c4bd47b5762b?pvs=21),"September 13, 2023 1:33 PM","September 13, 2023 1:33 PM",,,No,,,,,,,
A1_Grammar_12 | Short form answers,,,Next Action,,,3 month english (https://www.notion.so/3-month-english-f10cfae8ca5046898ea8c4bd47b5762b?pvs=21),"September 13, 2023 1:33 PM","September 13, 2023 1:33 PM",,,No,,,,,,,
A1_Grammar_13 | Going to (future plans),,,Next Action,,,3 month english (https://www.notion.so/3-month-english-f10cfae8ca5046898ea8c4bd47b5762b?pvs=21),"September 13, 2023 1:33 PM","September 13, 2023 1:33 PM",,,No,,,,,,,
A1_Grammar_14 | Will (offers),,,Next Action,,,3 month english (https://www.notion.so/3-month-english-f10cfae8ca5046898ea8c4bd47b5762b?pvs=21),"September 13, 2023 1:33 PM","September 13, 2023 1:33 PM",,,No,,,,,,,
A1_Grammar_15 | Adverbs of Frequency,,,Next Action,,,3 month english (https://www.notion.so/3-month-english-f10cfae8ca5046898ea8c4bd47b5762b?pvs=21),"September 13, 2023 1:34 PM","September 13, 2023 1:34 PM",,,No,,,,,,,
A1_Grammar_16 | Imperatives,,,Next Action,,,3 month english (https://www.notion.so/3-month-english-f10cfae8ca5046898ea8c4bd47b5762b?pvs=21),"September 13, 2023 1:34 PM","September 13, 2023 1:34 PM",,,No,,,,,,,
A1_Grammar_17 | Past Simple,,,Next Action,,,3 month english (https://www.notion.so/3-month-english-f10cfae8ca5046898ea8c4bd47b5762b?pvs=21),"September 13, 2023 1:34 PM","September 13, 2023 1:34 PM",,,No,,,,,,,
A1_Grammar_18 | Present Continuous,,,Next Action,,,3 month english (https://www.notion.so/3-month-english-f10cfae8ca5046898ea8c4bd47b5762b?pvs=21),"September 13, 2023 1:34 PM","September 13, 2023 1:34 PM",,,No,,,,,,,
A1_Grammar_19 | Comparatives,,,Next Action,,,3 month english (https://www.notion.so/3-month-english-f10cfae8ca5046898ea8c4bd47b5762b?pvs=21),"September 13, 2023 1:34 PM","September 13, 2023 1:34 PM",,,No,,,,,,,
A1_Grammar_20 | Superlatives,,,Next Action,,,3 month english (https://www.notion.so/3-month-english-f10cfae8ca5046898ea8c4bd47b5762b?pvs=21),"September 13, 2023 1:34 PM","September 13, 2023 1:34 PM",,,No,,,,,,,
A1_Grammar_21 | Irregular Adverbs,,,Next Action,,,3 month english (https://www.notion.so/3-month-english-f10cfae8ca5046898ea8c4bd47b5762b?pvs=21),"September 13, 2023 1:34 PM","September 13, 2023 1:34 PM",,,No,,,,,,,
A1_Topics_05 | Talking about routines,"September 14, 2023",,Next Action,,,3 month english (https://www.notion.so/3-month-english-f10cfae8ca5046898ea8c4bd47b5762b?pvs=21),"September 13, 2023 1:34 PM","September 13, 2023 11:27 PM",,,No,,,,,,,
A1_Topics_07 | Talking about likes and dislikes,,,Next Action,,,3 month english (https://www.notion.so/3-month-english-f10cfae8ca5046898ea8c4bd47b5762b?pvs=21),"September 13, 2023 1:35 PM","September 13, 2023 1:35 PM",,,No,,,,,,,
A1_Topics_08 | Giving opinions,,,Next Action,,,3 month english (https://www.notion.so/3-month-english-f10cfae8ca5046898ea8c4bd47b5762b?pvs=21),"September 13, 2023 1:35 PM","September 13, 2023 1:35 PM",,,No,,,,,,,
A1_Topics_09 | Talking about past experiences,,,Next Action,,,3 month english (https://www.notion.so/3-month-english-f10cfae8ca5046898ea8c4bd47b5762b?pvs=21),"September 13, 2023 1:35 PM","September 13, 2023 1:35 PM",,,No,,,,,,,
"A1_Topics_10 | Inviting, refusing, accepting, thanking",,,Next Action,,,3 month english (https://www.notion.so/3-month-english-f10cfae8ca5046898ea8c4bd47b5762b?pvs=21),"September 13, 2023 1:35 PM","September 13, 2023 1:35 PM",,,No,,,,,,,
A1_Topics_11 | Requesting / Offering,,,Next Action,,,3 month english (https://www.notion.so/3-month-english-f10cfae8ca5046898ea8c4bd47b5762b?pvs=21),"September 13, 2023 1:35 PM","September 13, 2023 1:35 PM",,,No,,,,,,,
A1_Topics_12 | Asking permission,,,Next Action,,,3 month english (https://www.notion.so/3-month-english-f10cfae8ca5046898ea8c4bd47b5762b?pvs=21),"September 13, 2023 1:35 PM","September 13, 2023 1:36 PM",,,No,,,,,,,
A1_Topics_13 | Making sugestions,,,Next Action,,,3 month english (https://www.notion.so/3-month-english-f10cfae8ca5046898ea8c4bd47b5762b?pvs=21),"September 13, 2023 1:36 PM","September 13, 2023 1:36 PM",,,No,,,,,,,
A1_Vocabulary_02 | Money,"September 14, 2023",,Completed,,,3 month english (https://www.notion.so/3-month-english-f10cfae8ca5046898ea8c4bd47b5762b?pvs=21),"September 13, 2023 1:36 PM","September 18, 2023 12:06 PM",,,Yes,,,,,,,
A1_Vocabulary_04 | Languages,,,Next Action,,,3 month english (https://www.notion.so/3-month-english-f10cfae8ca5046898ea8c4bd47b5762b?pvs=21),"September 13, 2023 1:36 PM","September 13, 2023 1:36 PM",,,No,,,,,,,
"A1_Vocabulary_08 | Interests, sports and activities",,,Next Action,,,3 month english (https://www.notion.so/3-month-english-f10cfae8ca5046898ea8c4bd47b5762b?pvs=21),"September 13, 2023 1:36 PM","September 13, 2023 1:36 PM",,,No,,,,,,,
A1_Vocabulary_09 | Jobs,,,Next Action,,,3 month english (https://www.notion.so/3-month-english-f10cfae8ca5046898ea8c4bd47b5762b?pvs=21),"September 13, 2023 1:36 PM","September 13, 2023 1:36 PM",,,No,,,,,,,
A1_Vocabulary_10 | Rooms and furniture,,,Next Action,,,3 month english (https://www.notion.so/3-month-english-f10cfae8ca5046898ea8c4bd47b5762b?pvs=21),"September 13, 2023 1:36 PM","September 13, 2023 1:36 PM",,,No,,,,,,,
A1_Vocabulary_11 | Colours,,,Next Action,,,3 month english (https://www.notion.so/3-month-english-f10cfae8ca5046898ea8c4bd47b5762b?pvs=21),"September 13, 2023 1:36 PM","September 13, 2023 1:36 PM",,,No,,,,,,,
A1_Vocabulary_12 | Size and Weight,,,Next Action,,,3 month english (https://www.notion.so/3-month-english-f10cfae8ca5046898ea8c4bd47b5762b?pvs=21),"September 13, 2023 1:36 PM","September 13, 2023 1:36 PM",,,No,,,,,,,
A1_Vocabulary_13 | Body parts and appearance,,,Next Action,,,3 month english (https://www.notion.so/3-month-english-f10cfae8ca5046898ea8c4bd47b5762b?pvs=21),"September 13, 2023 1:36 PM","September 13, 2023 1:36 PM",,,No,,,,,,,
"A1_Vocabulary_14 | Food, meals, cooking",,,Next Action,,,3 month english (https://www.notion.so/3-month-english-f10cfae8ca5046898ea8c4bd47b5762b?pvs=21),"September 13, 2023 1:37 PM","September 13, 2023 1:37 PM",,,No,,,,,,,
A1_Vocabulary_15 | Weather,,,Next Action,,,3 month english (https://www.notion.so/3-month-english-f10cfae8ca5046898ea8c4bd47b5762b?pvs=21),"September 13, 2023 1:37 PM","September 13, 2023 1:37 PM",,,No,,,,,,,
A1_Vocabulary_16 | Transport,,,Next Action,,,3 month english (https://www.notion.so/3-month-english-f10cfae8ca5046898ea8c4bd47b5762b?pvs=21),"September 13, 2023 1:37 PM","September 13, 2023 1:37 PM",,,No,,,,,,,
A1_Vocabulary_17 | Health,,,Next Action,,,3 month english (https://www.notion.so/3-month-english-f10cfae8ca5046898ea8c4bd47b5762b?pvs=21),"September 13, 2023 1:37 PM","September 13, 2023 1:37 PM",,,No,,,,,,,
A1_Vocabulary_18 | Feelings and emotions,,,Next Action,,,3 month english (https://www.notion.so/3-month-english-f10cfae8ca5046898ea8c4bd47b5762b?pvs=21),"September 13, 2023 1:37 PM","September 13, 2023 1:37 PM",,,No,,,,,,,
A1_Vocabulary_19 | Street directions,,,Next Action,,,3 month english (https://www.notion.so/3-month-english-f10cfae8ca5046898ea8c4bd47b5762b?pvs=21),"September 13, 2023 1:37 PM","September 13, 2023 1:37 PM",,,No,,,,,,,
A1_Vocabulary_20 | Clothes,,,Next Action,,,3 month english (https://www.notion.so/3-month-english-f10cfae8ca5046898ea8c4bd47b5762b?pvs=21),"September 13, 2023 1:37 PM","September 13, 2023 1:37 PM",,,No,,,,,,,
A2_Grammar_01 | Countable / uncountable nouns,,,Next Action,,,3 month english (https://www.notion.so/3-month-english-f10cfae8ca5046898ea8c4bd47b5762b?pvs=21),"September 13, 2023 1:37 PM","September 13, 2023 1:37 PM",,,No,,,,,,,
A2_Grammar_02 | Adverbs of frequency and manner,,,Next Action,,,3 month english (https://www.notion.so/3-month-english-f10cfae8ca5046898ea8c4bd47b5762b?pvs=21),"September 13, 2023 1:37 PM","September 13, 2023 1:37 PM",,,No,,,,,,,
A2_Grammar_03 | Too / not enough,,,Next Action,,,3 month english (https://www.notion.so/3-month-english-f10cfae8ca5046898ea8c4bd47b5762b?pvs=21),"September 13, 2023 1:37 PM","September 13, 2023 1:37 PM",,,No,,,,,,,
A2_Grammar_04 | Can / Could for requests,,,Next Action,,,3 month english (https://www.notion.so/3-month-english-f10cfae8ca5046898ea8c4bd47b5762b?pvs=21),"September 13, 2023 1:37 PM","September 13, 2023 1:37 PM",,,No,,,,,,,
A2_Grammar_05 | Adjectives,,,Next Action,,,3 month english (https://www.notion.so/3-month-english-f10cfae8ca5046898ea8c4bd47b5762b?pvs=21),"September 13, 2023 1:38 PM","September 13, 2023 1:38 PM",,,No,,,,,,,
A2_Grammar_06 | Adverbs and adjectives as modifiers,,,Next Action,,,3 month english (https://www.notion.so/3-month-english-f10cfae8ca5046898ea8c4bd47b5762b?pvs=21),"September 13, 2023 1:38 PM","September 13, 2023 1:38 PM",,,No,,,,,,,
A2_Grammar_07 | Present continuous for temporary situations and things happening now,,,Next Action,,,3 month english (https://www.notion.so/3-month-english-f10cfae8ca5046898ea8c4bd47b5762b?pvs=21),"September 13, 2023 1:38 PM","September 13, 2023 1:38 PM",,,No,,,,,,,
A2_Grammar_08 | Present continuous for the future,,,Next Action,,,3 month english (https://www.notion.so/3-month-english-f10cfae8ca5046898ea8c4bd47b5762b?pvs=21),"September 13, 2023 1:38 PM","September 13, 2023 1:38 PM",,,No,,,,,,,
A2_Grammar_09 | Comparative and superlative,,,Next Action,,,3 month english (https://www.notion.so/3-month-english-f10cfae8ca5046898ea8c4bd47b5762b?pvs=21),"September 13, 2023 1:38 PM","September 13, 2023 1:38 PM",,,No,,,,,,,
A2_Grammar_10 | Present perfect,,,Next Action,,,3 month english (https://www.notion.so/3-month-english-f10cfae8ca5046898ea8c4bd47b5762b?pvs=21),"September 13, 2023 1:38 PM","September 13, 2023 1:38 PM",,,No,,,,,,,
A2_Grammar_11 | Should for advice,,,Next Action,,,3 month english (https://www.notion.so/3-month-english-f10cfae8ca5046898ea8c4bd47b5762b?pvs=21),"September 13, 2023 1:38 PM","September 13, 2023 1:38 PM",,,No,,,,,,,
A2_Grammar_12 | Have to vs Need to vs Must,,,Next Action,,,3 month english (https://www.notion.so/3-month-english-f10cfae8ca5046898ea8c4bd47b5762b?pvs=21),"September 13, 2023 1:38 PM","September 13, 2023 1:38 PM",,,No,,,,,,,
A2_Grammar_13 | Be like for descriptions,,,Next Action,,,3 month english (https://www.notion.so/3-month-english-f10cfae8ca5046898ea8c4bd47b5762b?pvs=21),"September 13, 2023 1:38 PM","September 13, 2023 1:38 PM",,,No,,,,,,,
A2_Grammar_14 | Present simple for future facts,,,Next Action,,,3 month english (https://www.notion.so/3-month-english-f10cfae8ca5046898ea8c4bd47b5762b?pvs=21),"September 13, 2023 1:38 PM","September 13, 2023 1:38 PM",,,No,,,,,,,
A2_Grammar_15 | Future simple for future facts,,,Next Action,,,3 month english (https://www.notion.so/3-month-english-f10cfae8ca5046898ea8c4bd47b5762b?pvs=21),"September 13, 2023 1:38 PM","September 13, 2023 1:38 PM",,,No,,,,,,,
A2_Topics_01 | Giving opinions,,,Next Action,,,3 month english (https://www.notion.so/3-month-english-f10cfae8ca5046898ea8c4bd47b5762b?pvs=21),"September 13, 2023 1:47 PM","September 13, 2023 1:47 PM",,,No,,,,,,,
A2_Topics_02 | Justifying opinions,,,Next Action,,,3 month english (https://www.notion.so/3-month-english-f10cfae8ca5046898ea8c4bd47b5762b?pvs=21),"September 13, 2023 1:47 PM","September 13, 2023 1:47 PM",,,No,,,,,,,
A2_Topics_03 | Talking about routines and habits,,,Next Action,,,3 month english (https://www.notion.so/3-month-english-f10cfae8ca5046898ea8c4bd47b5762b?pvs=21),"September 13, 2023 1:48 PM","September 13, 2023 1:48 PM",,,No,,,,,,,
A2_Topics_04 | Talking about intentions (part 1),,,Next Action,,,3 month english (https://www.notion.so/3-month-english-f10cfae8ca5046898ea8c4bd47b5762b?pvs=21),"September 13, 2023 1:48 PM","September 13, 2023 1:48 PM",,,No,,,,,,,
A2_Topics_05 | Talking about intentions (part 2),,,Next Action,,,3 month english (https://www.notion.so/3-month-english-f10cfae8ca5046898ea8c4bd47b5762b?pvs=21),"September 13, 2023 1:48 PM","September 13, 2023 1:48 PM",,,No,,,,,,,
A2_Topics_06 | How to talk about life experiences,,,Next Action,,,3 month english (https://www.notion.so/3-month-english-f10cfae8ca5046898ea8c4bd47b5762b?pvs=21),"September 13, 2023 1:48 PM","September 13, 2023 1:48 PM",,,No,,,,,,,
A2_Topics_07 | Talking about experience,,,Next Action,,,3 month english (https://www.notion.so/3-month-english-f10cfae8ca5046898ea8c4bd47b5762b?pvs=21),"September 13, 2023 1:48 PM","September 13, 2023 1:48 PM",,,No,,,,,,,
A2_Topics_08 | Talking about feelings,,,Next Action,,,3 month english (https://www.notion.so/3-month-english-f10cfae8ca5046898ea8c4bd47b5762b?pvs=21),"September 13, 2023 1:48 PM","September 13, 2023 1:48 PM",,,No,,,,,,,
A2_Topics_09 | Making comparasions,,,Next Action,,,3 month english (https://www.notion.so/3-month-english-f10cfae8ca5046898ea8c4bd47b5762b?pvs=21),"September 13, 2023 1:48 PM","September 13, 2023 1:48 PM",,,No,,,,,,,
A2_Topics_10 | Inviting,,,Next Action,,,3 month english (https://www.notion.so/3-month-english-f10cfae8ca5046898ea8c4bd47b5762b?pvs=21),"September 13, 2023 1:48 PM","September 13, 2023 1:48 PM",,,No,,,,,,,
A2_Topics_11 | Making Decisions,,,Next Action,,,3 month english (https://www.notion.so/3-month-english-f10cfae8ca5046898ea8c4bd47b5762b?pvs=21),"September 13, 2023 1:48 PM","September 13, 2023 1:48 PM",,,No,,,,,,,
A2_Topics_12 | Describing things,,,Next Action,,,3 month english (https://www.notion.so/3-month-english-f10cfae8ca5046898ea8c4bd47b5762b?pvs=21),"September 13, 2023 1:48 PM","September 13, 2023 1:48 PM",,,No,,,,,,,
A2_Topics_13 | Buying things,,,Next Action,,,3 month english (https://www.notion.so/3-month-english-f10cfae8ca5046898ea8c4bd47b5762b?pvs=21),"September 13, 2023 1:48 PM","September 13, 2023 1:48 PM",,,No,,,,,,,
A2_Topics_14 | Talking about possibility,,,Next Action,,,3 month english (https://www.notion.so/3-month-english-f10cfae8ca5046898ea8c4bd47b5762b?pvs=21),"September 13, 2023 1:48 PM","September 13, 2023 1:48 PM",,,No,,,,,,,
A2_Topics_15 | Expressing hopes,,,Next Action,,,3 month english (https://www.notion.so/3-month-english-f10cfae8ca5046898ea8c4bd47b5762b?pvs=21),"September 13, 2023 1:49 PM","September 13, 2023 1:49 PM",,,No,,,,,,,
A2_Topics_16 | Talking about rules and obligations,,,Next Action,,,3 month english (https://www.notion.so/3-month-english-f10cfae8ca5046898ea8c4bd47b5762b?pvs=21),"September 13, 2023 1:49 PM","September 13, 2023 1:49 PM",,,No,,,,,,,
A2_Topics_17 | Giving instructions,,,Next Action,,,3 month english (https://www.notion.so/3-month-english-f10cfae8ca5046898ea8c4bd47b5762b?pvs=21),"September 13, 2023 1:49 PM","September 13, 2023 1:49 PM",,,No,,,,,,,
A2_Topics_18 | Making offers,,,Next Action,,,3 month english (https://www.notion.so/3-month-english-f10cfae8ca5046898ea8c4bd47b5762b?pvs=21),"September 13, 2023 1:49 PM","September 13, 2023 1:49 PM",,,No,,,,,,,
A2_Topics_19 | Advising,,,Next Action,,,3 month english (https://www.notion.so/3-month-english-f10cfae8ca5046898ea8c4bd47b5762b?pvs=21),"September 13, 2023 1:49 PM","September 13, 2023 1:49 PM",,,No,,,,,,,
A2_Topics_20 | Suggesting,,,Next Action,,,3 month english (https://www.notion.so/3-month-english-f10cfae8ca5046898ea8c4bd47b5762b?pvs=21),"September 13, 2023 1:49 PM","September 13, 2023 1:49 PM",,,No,,,,,,,
A2_Topics_21 | Apologizing,,,Next Action,,,3 month english (https://www.notion.so/3-month-english-f10cfae8ca5046898ea8c4bd47b5762b?pvs=21),"September 13, 2023 1:49 PM","September 13, 2023 1:49 PM",,,No,,,,,,,
A2_Topics_22 | Congratulating,,,Next Action,,,3 month english (https://www.notion.so/3-month-english-f10cfae8ca5046898ea8c4bd47b5762b?pvs=21),"September 13, 2023 1:49 PM","September 13, 2023 1:49 PM",,,No,,,,,,,
A2_Topics_23 | Talking about future arrangements,,,Next Action,,,3 month english (https://www.notion.so/3-month-english-f10cfae8ca5046898ea8c4bd47b5762b?pvs=21),"September 13, 2023 1:49 PM","September 13, 2023 1:49 PM",,,No,,,,,,,
A2_Vocabulary_01 | Families,,,Next Action,,,3 month english (https://www.notion.so/3-month-english-f10cfae8ca5046898ea8c4bd47b5762b?pvs=21),"September 13, 2023 1:49 PM","September 13, 2023 1:49 PM",,,No,,,,,,,
A2_Vocabulary_02 | Food and meals,,,Next Action,,,3 month english (https://www.notion.so/3-month-english-f10cfae8ca5046898ea8c4bd47b5762b?pvs=21),"September 13, 2023 1:49 PM","September 13, 2023 1:49 PM",,,No,,,,,,,
A2_Vocabulary_03 | Clothing and shopping,,,Next Action,,,3 month english (https://www.notion.so/3-month-english-f10cfae8ca5046898ea8c4bd47b5762b?pvs=21),"September 13, 2023 1:49 PM","September 13, 2023 1:49 PM",,,No,,,,,,,
A2_Vocabulary_04 | Prices,,,Next Action,,,3 month english (https://www.notion.so/3-month-english-f10cfae8ca5046898ea8c4bd47b5762b?pvs=21),"September 13, 2023 1:49 PM","September 13, 2023 1:49 PM",,,No,,,,,,,
A2_Vocabulary_05 | Daily routines,,,Next Action,,,3 month english (https://www.notion.so/3-month-english-f10cfae8ca5046898ea8c4bd47b5762b?pvs=21),"September 13, 2023 1:50 PM","September 13, 2023 1:50 PM",,,No,,,,,,,
A2_Vocabulary_06 | Personality,,,Next Action,,,3 month english (https://www.notion.so/3-month-english-f10cfae8ca5046898ea8c4bd47b5762b?pvs=21),"September 13, 2023 1:50 PM","September 13, 2023 1:50 PM",,,No,,,,,,,
A2_Vocabulary_07 | Appearance,,,Next Action,,,3 month english (https://www.notion.so/3-month-english-f10cfae8ca5046898ea8c4bd47b5762b?pvs=21),"September 13, 2023 1:50 PM","September 13, 2023 1:50 PM",,,No,,,,,,,
A2_Vocabulary_08 | Present and childhood abilities,,,Next Action,,,3 month english (https://www.notion.so/3-month-english-f10cfae8ca5046898ea8c4bd47b5762b?pvs=21),"September 13, 2023 1:50 PM","September 13, 2023 1:50 PM",,,No,,,,,,,
A2_Vocabulary_09 | Basic suffixes,,,Next Action,,,3 month english (https://www.notion.so/3-month-english-f10cfae8ca5046898ea8c4bd47b5762b?pvs=21),"September 13, 2023 1:50 PM","September 13, 2023 1:50 PM",,,No,,,,,,,
A2_Vocabulary_10 | Work and jobs,,,Next Action,,,3 month english (https://www.notion.so/3-month-english-f10cfae8ca5046898ea8c4bd47b5762b?pvs=21),"September 13, 2023 1:50 PM","September 13, 2023 1:50 PM",,,No,,,,,,,
A2_Vocabulary_11 | Transport,,,Next Action,,,3 month english (https://www.notion.so/3-month-english-f10cfae8ca5046898ea8c4bd47b5762b?pvs=21),"September 13, 2023 1:50 PM","September 13, 2023 1:50 PM",,,No,,,,,,,
A2_Vocabulary_12 | Travel,,,Next Action,,,3 month english (https://www.notion.so/3-month-english-f10cfae8ca5046898ea8c4bd47b5762b?pvs=21),"September 13, 2023 1:50 PM","September 13, 2023 1:50 PM",,,No,,,,,,,
A2_Vocabulary_13 | Machines and interventions,,,Next Action,,,3 month english (https://www.notion.so/3-month-english-f10cfae8ca5046898ea8c4bd47b5762b?pvs=21),"September 13, 2023 1:50 PM","September 13, 2023 1:50 PM",,,No,,,,,,,
A2_Vocabulary_14 | Festivals and celebrations,,,Next Action,,,3 month english (https://www.notion.so/3-month-english-f10cfae8ca5046898ea8c4bd47b5762b?pvs=21),"September 13, 2023 1:50 PM","September 13, 2023 1:50 PM",,,No,,,,,,,
A2_Vocabulary_15 | Hotel situations,,,Next Action,,,3 month english (https://www.notion.so/3-month-english-f10cfae8ca5046898ea8c4bd47b5762b?pvs=21),"September 13, 2023 1:50 PM","September 13, 2023 1:50 PM",,,No,,,,,,,
A2_Vocabulary_16 | Weather and climate,,,Next Action,,,3 month english (https://www.notion.so/3-month-english-f10cfae8ca5046898ea8c4bd47b5762b?pvs=21),"September 13, 2023 1:50 PM","September 13, 2023 1:50 PM",,,No,,,,,,,
B1_Grammar_01 | Past continuos,,,Next Action,,,3 month english (https://www.notion.so/3-month-english-f10cfae8ca5046898ea8c4bd47b5762b?pvs=21),"September 13, 2023 1:51 PM","September 13, 2023 1:51 PM",,,No,,,,,,,
B1_Grammar_02 | Present perfect,,,Next Action,,,3 month english (https://www.notion.so/3-month-english-f10cfae8ca5046898ea8c4bd47b5762b?pvs=21),"September 13, 2023 1:51 PM","September 13, 2023 1:51 PM",,,No,,,,,,,
B1_Grammar_03 | Going to and will for predictions and future events and spontaneous decisions,,,Next Action,,,3 month english (https://www.notion.so/3-month-english-f10cfae8ca5046898ea8c4bd47b5762b?pvs=21),"September 13, 2023 1:51 PM","September 13, 2023 1:51 PM",,,No,,,,,,,
B1_Grammar_04 | Reflexive pronouns,,,Next Action,,,3 month english (https://www.notion.so/3-month-english-f10cfae8ca5046898ea8c4bd47b5762b?pvs=21),"September 13, 2023 1:51 PM","September 13, 2023 1:51 PM",,,No,,,,,,,
B1_Grammar_05 | So / such,,,Next Action,,,3 month english (https://www.notion.so/3-month-english-f10cfae8ca5046898ea8c4bd47b5762b?pvs=21),"September 13, 2023 1:51 PM","September 13, 2023 1:51 PM",,,No,,,,,,,
B1_Grammar_06 | Passive,,,Next Action,,,3 month english (https://www.notion.so/3-month-english-f10cfae8ca5046898ea8c4bd47b5762b?pvs=21),"September 13, 2023 1:51 PM","September 13, 2023 1:51 PM",,,No,,,,,,,
B1_Grammar_07 | When / While,,,Next Action,,,3 month english (https://www.notion.so/3-month-english-f10cfae8ca5046898ea8c4bd47b5762b?pvs=21),"September 13, 2023 1:51 PM","September 13, 2023 1:51 PM",,,No,,,,,,,
B1_Grammar_08 | Must / might for deductions,,,Next Action,,,3 month english (https://www.notion.so/3-month-english-f10cfae8ca5046898ea8c4bd47b5762b?pvs=21),"September 13, 2023 1:51 PM","September 13, 2023 1:51 PM",,,No,,,,,,,
B1_Grammar_09 | As soons as,,,Next Action,,,3 month english (https://www.notion.so/3-month-english-f10cfae8ca5046898ea8c4bd47b5762b?pvs=21),"September 13, 2023 1:51 PM","September 13, 2023 1:51 PM",,,No,,,,,,,
B1_Grammar_10 | Be able to,,,Next Action,,,3 month english (https://www.notion.so/3-month-english-f10cfae8ca5046898ea8c4bd47b5762b?pvs=21),"September 13, 2023 1:51 PM","September 13, 2023 1:51 PM",,,No,,,,,,,
B1_Grammar_11 | Be good at,,,Next Action,,,3 month english (https://www.notion.so/3-month-english-f10cfae8ca5046898ea8c4bd47b5762b?pvs=21),"September 13, 2023 1:51 PM","September 13, 2023 1:52 PM",,,No,,,,,,,
B1_Grammar_12 | First Condicional,,,Next Action,,,3 month english (https://www.notion.so/3-month-english-f10cfae8ca5046898ea8c4bd47b5762b?pvs=21),"September 13, 2023 1:52 PM","September 13, 2023 1:52 PM",,,No,,,,,,,
B1_Grammar_13 | Used to + verb,,,Next Action,,,3 month english (https://www.notion.so/3-month-english-f10cfae8ca5046898ea8c4bd47b5762b?pvs=21),"September 13, 2023 1:52 PM","September 13, 2023 1:52 PM",,,No,,,,,,,
B1_Grammar_14 | Relative clauses,,,Next Action,,,3 month english (https://www.notion.so/3-month-english-f10cfae8ca5046898ea8c4bd47b5762b?pvs=21),"September 13, 2023 1:52 PM","September 13, 2023 1:52 PM",,,No,,,,,,,
B1_Grammar_15 | Although / however,,,Next Action,,,3 month english (https://www.notion.so/3-month-english-f10cfae8ca5046898ea8c4bd47b5762b?pvs=21),"September 13, 2023 1:52 PM","September 13, 2023 1:52 PM",,,No,,,,,,,
B1_Topics_01 | Asking personal questions,,,Next Action,,,3 month english (https://www.notion.so/3-month-english-f10cfae8ca5046898ea8c4bd47b5762b?pvs=21),"September 13, 2023 1:52 PM","September 13, 2023 1:52 PM",,,No,,,,,,,
B1_Topics_02 | Talking about personal experiences,,,Next Action,,,3 month english (https://www.notion.so/3-month-english-f10cfae8ca5046898ea8c4bd47b5762b?pvs=21),"September 13, 2023 1:52 PM","September 13, 2023 1:52 PM",,,No,,,,,,,
B1_Topics_03 | Asking directions,,,Next Action,,,3 month english (https://www.notion.so/3-month-english-f10cfae8ca5046898ea8c4bd47b5762b?pvs=21),"September 13, 2023 1:52 PM","September 13, 2023 1:52 PM",,,No,,,,,,,
B1_Topics_04 | Describing personality,,,Next Action,,,3 month english (https://www.notion.so/3-month-english-f10cfae8ca5046898ea8c4bd47b5762b?pvs=21),"September 13, 2023 1:52 PM","September 13, 2023 1:52 PM",,,No,,,,,,,
B1_Topics_05 | Making travel arrangements,,,Next Action,,,3 month english (https://www.notion.so/3-month-english-f10cfae8ca5046898ea8c4bd47b5762b?pvs=21),"September 13, 2023 1:52 PM","September 13, 2023 1:52 PM",,,No,,,,,,,
B1_Topics_06 | Ordering in a restaurant,,,Next Action,,,3 month english (https://www.notion.so/3-month-english-f10cfae8ca5046898ea8c4bd47b5762b?pvs=21),"September 13, 2023 1:52 PM","September 13, 2023 1:53 PM",,,No,,,,,,,
B1_Topics_07 | Talking about preferences,,,Next Action,,,3 month english (https://www.notion.so/3-month-english-f10cfae8ca5046898ea8c4bd47b5762b?pvs=21),"September 13, 2023 1:53 PM","September 13, 2023 1:53 PM",,,No,,,,,,,
B1_Topics_08 | Expressing preferences,,,Next Action,,,3 month english (https://www.notion.so/3-month-english-f10cfae8ca5046898ea8c4bd47b5762b?pvs=21),"September 13, 2023 1:53 PM","September 13, 2023 1:53 PM",,,No,,,,,,,
B1_Topics_09 | Making deductions,,,Next Action,,,3 month english (https://www.notion.so/3-month-english-f10cfae8ca5046898ea8c4bd47b5762b?pvs=21),"September 13, 2023 1:53 PM","September 13, 2023 1:53 PM",,,No,,,,,,,
B1_Topics_10 | Making predictions,,,Next Action,,,3 month english (https://www.notion.so/3-month-english-f10cfae8ca5046898ea8c4bd47b5762b?pvs=21),"September 13, 2023 1:53 PM","September 13, 2023 1:53 PM",,,No,,,,,,,
B1_Topics_11 | Making suggestions,,,Next Action,,,3 month english (https://www.notion.so/3-month-english-f10cfae8ca5046898ea8c4bd47b5762b?pvs=21),"September 13, 2023 1:53 PM","September 13, 2023 1:53 PM",,,No,,,,,,,
B1_Topics_12 | Making offers,,,Next Action,,,3 month english (https://www.notion.so/3-month-english-f10cfae8ca5046898ea8c4bd47b5762b?pvs=21),"September 13, 2023 1:53 PM","September 13, 2023 1:53 PM",,,No,,,,,,,
B1_Topics_13 | Talking about obligation,,,Next Action,,,3 month english (https://www.notion.so/3-month-english-f10cfae8ca5046898ea8c4bd47b5762b?pvs=21),"September 13, 2023 1:53 PM","September 13, 2023 1:53 PM",,,No,,,,,,,
B1_Topics_14 | Requesting,,,Next Action,,,3 month english (https://www.notion.so/3-month-english-f10cfae8ca5046898ea8c4bd47b5762b?pvs=21),"September 13, 2023 1:53 PM","September 13, 2023 1:53 PM",,,No,,,,,,,
B1_Vocabulary_01 | Describing People,,,Next Action,,,3 month english (https://www.notion.so/3-month-english-f10cfae8ca5046898ea8c4bd47b5762b?pvs=21),"September 13, 2023 1:53 PM","September 13, 2023 1:53 PM",,,No,,,,,,,
B1_Vocabulary_02 | Speak about Health and Illness,,,Next Action,,,3 month english (https://www.notion.so/3-month-english-f10cfae8ca5046898ea8c4bd47b5762b?pvs=21),"September 13, 2023 1:53 PM","September 13, 2023 1:53 PM",,,No,,,,,,,
B1_Vocabulary_03 | Types of music and concerts,,,Next Action,,,3 month english (https://www.notion.so/3-month-english-f10cfae8ca5046898ea8c4bd47b5762b?pvs=21),"September 13, 2023 1:53 PM","September 13, 2023 1:53 PM",,,No,,,,,,,
B1_Vocabulary_04 | Household equipment,,,Next Action,,,3 month english (https://www.notion.so/3-month-english-f10cfae8ca5046898ea8c4bd47b5762b?pvs=21),"September 13, 2023 1:53 PM","September 13, 2023 1:54 PM",,,No,,,,,,,
B1_Vocabulary_05 | Biographical information,,,Next Action,,,3 month english (https://www.notion.so/3-month-english-f10cfae8ca5046898ea8c4bd47b5762b?pvs=21),"September 13, 2023 1:54 PM","September 13, 2023 1:54 PM",,,No,,,,,,,
B1_Vocabulary_06 | Buildings and monuments,,,Next Action,,,3 month english (https://www.notion.so/3-month-english-f10cfae8ca5046898ea8c4bd47b5762b?pvs=21),"September 13, 2023 1:54 PM","September 13, 2023 1:54 PM",,,No,,,,,,,
B1_Vocabulary_07 | Clothes and accessories,,,Next Action,,,3 month english (https://www.notion.so/3-month-english-f10cfae8ca5046898ea8c4bd47b5762b?pvs=21),"September 13, 2023 1:54 PM","September 13, 2023 1:54 PM",,,No,,,,,,,
B1_Vocabulary_09 | Travel and tourism,,,Next Action,,,3 month english (https://www.notion.so/3-month-english-f10cfae8ca5046898ea8c4bd47b5762b?pvs=21),"September 13, 2023 2:01 PM","September 13, 2023 2:03 PM",,,No,,,,,,,
B1_Vocabulary_08 | Large numbers,,,Next Action,,,3 month english (https://www.notion.so/3-month-english-f10cfae8ca5046898ea8c4bd47b5762b?pvs=21),"September 13, 2023 2:01 PM","September 13, 2023 2:03 PM",,,No,,,,,,,
B1_Vocabulary_14 | Political systems and change,,,Next Action,,,3 month english (https://www.notion.so/3-month-english-f10cfae8ca5046898ea8c4bd47b5762b?pvs=21),"September 13, 2023 2:01 PM","September 13, 2023 2:03 PM",,,No,,,,,,,
B2_Grammar_05 | Reported speech,,,Next Action,,,3 month english (https://www.notion.so/3-month-english-f10cfae8ca5046898ea8c4bd47b5762b?pvs=21),"September 13, 2023 2:01 PM","September 13, 2023 2:03 PM",,,No,,,,,,,
B2_Grammar_07 | Adverbs of manner and modifiers,,,Next Action,,,3 month english (https://www.notion.so/3-month-english-f10cfae8ca5046898ea8c4bd47b5762b?pvs=21),"September 13, 2023 2:01 PM","September 13, 2023 2:03 PM",,,No,,,,,,,
"B1_Vocabulary_11 | Hobbies, sports and interests",,,Next Action,,,3 month english (https://www.notion.so/3-month-english-f10cfae8ca5046898ea8c4bd47b5762b?pvs=21),"September 13, 2023 2:01 PM","September 13, 2023 2:03 PM",,,No,,,,,,,
B2_Grammar_09 | Present Perfect Continuous,,,Next Action,,,3 month english (https://www.notion.so/3-month-english-f10cfae8ca5046898ea8c4bd47b5762b?pvs=21),"September 13, 2023 2:01 PM","September 13, 2023 2:03 PM",,,No,,,,,,,
B1_Vocabulary_13 | Life changes and events,,,Next Action,,,3 month english (https://www.notion.so/3-month-english-f10cfae8ca5046898ea8c4bd47b5762b?pvs=21),"September 13, 2023 2:01 PM","September 13, 2023 2:03 PM",,,No,,,,,,,
B2_Grammar_01 | Used to + infinitive,,,Next Action,,,3 month english (https://www.notion.so/3-month-english-f10cfae8ca5046898ea8c4bd47b5762b?pvs=21),"September 13, 2023 2:01 PM","September 13, 2023 2:03 PM",,,No,,,,,,,
B2_Grammar_02 | Past Simple and Present Perfect,,,Next Action,,,3 month english (https://www.notion.so/3-month-english-f10cfae8ca5046898ea8c4bd47b5762b?pvs=21),"September 13, 2023 2:01 PM","September 13, 2023 2:03 PM",,,No,,,,,,,
B1_Vocabulary_10 | Work and careers,,,Next Action,,,3 month english (https://www.notion.so/3-month-english-f10cfae8ca5046898ea8c4bd47b5762b?pvs=21),"September 13, 2023 2:01 PM","September 13, 2023 2:03 PM",,,No,,,,,,,
B2_Grammar_04 | Modal verbs,,,Next Action,,,3 month english (https://www.notion.so/3-month-english-f10cfae8ca5046898ea8c4bd47b5762b?pvs=21),"September 13, 2023 2:01 PM","September 13, 2023 2:03 PM",,,No,,,,,,,
B2_Grammar_03 | Neither / so do I,,,Next Action,,,3 month english (https://www.notion.so/3-month-english-f10cfae8ca5046898ea8c4bd47b5762b?pvs=21),"September 13, 2023 2:01 PM","September 13, 2023 2:03 PM",,,No,,,,,,,
B2_Grammar_08 | Adjectives and their connotations,,,Next Action,,,3 month english (https://www.notion.so/3-month-english-f10cfae8ca5046898ea8c4bd47b5762b?pvs=21),"September 13, 2023 2:01 PM","September 13, 2023 2:03 PM",,,No,,,,,,,
B1_Vocabulary_12 | Education,,,Next Action,,,3 month english (https://www.notion.so/3-month-english-f10cfae8ca5046898ea8c4bd47b5762b?pvs=21),"September 13, 2023 2:01 PM","September 13, 2023 2:03 PM",,,No,,,,,,,
B1_Vocabulary_15 | Animals,,,Next Action,,,3 month english (https://www.notion.so/3-month-english-f10cfae8ca5046898ea8c4bd47b5762b?pvs=21),"September 13, 2023 2:01 PM","September 13, 2023 2:03 PM",,,No,,,,,,,
B1_Vocabulary_16 | Restaurants and leisure venues,,,Next Action,,,3 month english (https://www.notion.so/3-month-english-f10cfae8ca5046898ea8c4bd47b5762b?pvs=21),"September 13, 2023 2:01 PM","September 13, 2023 2:03 PM",,,No,,,,,,,
"B2_Grammar_06 | First, second conditional",,,Next Action,,,3 month english (https://www.notion.so/3-month-english-f10cfae8ca5046898ea8c4bd47b5762b?pvs=21),"September 13, 2023 2:01 PM","September 13, 2023 2:03 PM",,,No,,,,,,,
B2_Grammar_17 | Question tags,,,Next Action,,,3 month english (https://www.notion.so/3-month-english-f10cfae8ca5046898ea8c4bd47b5762b?pvs=21),"September 13, 2023 2:01 PM","September 13, 2023 2:03 PM",,,No,,,,,,,
"B2_Grammar_10 | Look + adjective, look like + noun",,,Next Action,,,3 month english (https://www.notion.so/3-month-english-f10cfae8ca5046898ea8c4bd47b5762b?pvs=21),"September 13, 2023 2:01 PM","September 13, 2023 2:03 PM",,,No,,,,,,,
"B2_Topics_01 | Describing location, people and things",,,Next Action,,,3 month english (https://www.notion.so/3-month-english-f10cfae8ca5046898ea8c4bd47b5762b?pvs=21),"September 13, 2023 2:01 PM","September 13, 2023 2:03 PM",,,No,,,,,,,
"B2_Grammar_16 | Although, In spite of, despite",,,Next Action,,,3 month english (https://www.notion.so/3-month-english-f10cfae8ca5046898ea8c4bd47b5762b?pvs=21),"September 13, 2023 2:01 PM","September 13, 2023 2:03 PM",,,No,,,,,,,
B2_Grammar_19 | Past perfect continuous,,,Next Action,,,3 month english (https://www.notion.so/3-month-english-f10cfae8ca5046898ea8c4bd47b5762b?pvs=21),"September 13, 2023 2:01 PM","September 13, 2023 2:03 PM",,,No,,,,,,,
B2_Topics_02 | Stating preferences and opinions,,,Next Action,,,3 month english (https://www.notion.so/3-month-english-f10cfae8ca5046898ea8c4bd47b5762b?pvs=21),"September 13, 2023 2:01 PM","September 13, 2023 2:03 PM",,,No,,,,,,,
B2_Grammar_12 | Past Perfect Simple,,,Next Action,,,3 month english (https://www.notion.so/3-month-english-f10cfae8ca5046898ea8c4bd47b5762b?pvs=21),"September 13, 2023 2:01 PM","September 13, 2023 2:03 PM",,,No,,,,,,,
"B2_Grammar_15 | A few, A little, Few, Little",,,Next Action,,,3 month english (https://www.notion.so/3-month-english-f10cfae8ca5046898ea8c4bd47b5762b?pvs=21),"September 13, 2023 2:01 PM","September 13, 2023 2:03 PM",,,No,,,,,,,
B2_Grammar_13 | Have and have got,,,Next Action,,,3 month english (https://www.notion.so/3-month-english-f10cfae8ca5046898ea8c4bd47b5762b?pvs=21),"September 13, 2023 2:01 PM","September 13, 2023 2:03 PM",,,No,,,,,,,
B2_Grammar_18 | Future perfect continuous,,,Next Action,,,3 month english (https://www.notion.so/3-month-english-f10cfae8ca5046898ea8c4bd47b5762b?pvs=21),"September 13, 2023 2:01 PM","September 13, 2023 2:03 PM",,,No,,,,,,,
B2_Grammar_14 | Be allowed to and be supposed to,,,Next Action,,,3 month english (https://www.notion.so/3-month-english-f10cfae8ca5046898ea8c4bd47b5762b?pvs=21),"September 13, 2023 2:01 PM","September 13, 2023 2:03 PM",,,No,,,,,,,
B2_Grammar_11 | Be able to/ can/ manage to,,,Next Action,,,3 month english (https://www.notion.so/3-month-english-f10cfae8ca5046898ea8c4bd47b5762b?pvs=21),"September 13, 2023 2:01 PM","September 13, 2023 2:03 PM",,,No,,,,,,,
B2_Vocabulary_08 | Furniture and appliances,,,Next Action,,,3 month english (https://www.notion.so/3-month-english-f10cfae8ca5046898ea8c4bd47b5762b?pvs=21),"September 13, 2023 2:01 PM","September 13, 2023 2:03 PM",,,No,,,,,,,
B2_Topics_06 | Describing faulty goos,,,Next Action,,,3 month english (https://www.notion.so/3-month-english-f10cfae8ca5046898ea8c4bd47b5762b?pvs=21),"September 13, 2023 2:01 PM","September 13, 2023 2:03 PM",,,No,,,,,,,
B2_Vocabulary_03 | Make and do,,,Next Action,,,3 month english (https://www.notion.so/3-month-english-f10cfae8ca5046898ea8c4bd47b5762b?pvs=21),"September 13, 2023 2:01 PM","September 13, 2023 2:03 PM",,,No,,,,,,,
B2_Vocabulary_04 | Housework,,,Next Action,,,3 month english (https://www.notion.so/3-month-english-f10cfae8ca5046898ea8c4bd47b5762b?pvs=21),"September 13, 2023 2:01 PM","September 13, 2023 2:03 PM",,,No,,,,,,,
B2_Topics_03 | Reporting requests and orders,,,Next Action,,,3 month english (https://www.notion.so/3-month-english-f10cfae8ca5046898ea8c4bd47b5762b?pvs=21),"September 13, 2023 2:01 PM","September 13, 2023 2:03 PM",,,No,,,,,,,
"B2_Vocabulary_09 | Types of books, films, and TV programs",,,Next Action,,,3 month english (https://www.notion.so/3-month-english-f10cfae8ca5046898ea8c4bd47b5762b?pvs=21),"September 13, 2023 2:01 PM","September 13, 2023 2:03 PM",,,No,,,,,,,
B2_Vocabulary_02 | Character,,,Next Action,,,3 month english (https://www.notion.so/3-month-english-f10cfae8ca5046898ea8c4bd47b5762b?pvs=21),"September 13, 2023 2:01 PM","September 13, 2023 2:03 PM",,,No,,,,,,,
B2_Vocabulary_01 | Appearances,,,Next Action,,,3 month english (https://www.notion.so/3-month-english-f10cfae8ca5046898ea8c4bd47b5762b?pvs=21),"September 13, 2023 2:01 PM","September 13, 2023 2:03 PM",,,No,,,,,,,
B2_Topics_07 | Refusing,,,Next Action,,,3 month english (https://www.notion.so/3-month-english-f10cfae8ca5046898ea8c4bd47b5762b?pvs=21),"September 13, 2023 2:01 PM","September 13, 2023 2:03 PM",,,No,,,,,,,
B2_Vocabulary_10 | Crime and punishment,,,Next Action,,,3 month english (https://www.notion.so/3-month-english-f10cfae8ca5046898ea8c4bd47b5762b?pvs=21),"September 13, 2023 2:01 PM","September 13, 2023 2:03 PM",,,No,,,,,,,
B2_Vocabulary_06 | Illness,,,Next Action,,,3 month english (https://www.notion.so/3-month-english-f10cfae8ca5046898ea8c4bd47b5762b?pvs=21),"September 13, 2023 2:01 PM","September 13, 2023 2:03 PM",,,No,,,,,,,
"B2_Topics_05 | Talking about possibility, probability and certainty",,,Next Action,,,3 month english (https://www.notion.so/3-month-english-f10cfae8ca5046898ea8c4bd47b5762b?pvs=21),"September 13, 2023 2:01 PM","September 13, 2023 2:03 PM",,,No,,,,,,,
B2_Topics_04 | Guessing,,,Next Action,,,3 month english (https://www.notion.so/3-month-english-f10cfae8ca5046898ea8c4bd47b5762b?pvs=21),"September 13, 2023 2:01 PM","September 13, 2023 2:03 PM",,,No,,,,,,,
B2_Vocabulary_12 | Family relationships,,,Next Action,,,3 month english (https://www.notion.so/3-month-english-f10cfae8ca5046898ea8c4bd47b5762b?pvs=21),"September 13, 2023 2:01 PM","September 13, 2023 2:03 PM",,,No,,,,,,,
B2_Vocabulary_05 | Holidays and travel brochures,,,Next Action,,,3 month english (https://www.notion.so/3-month-english-f10cfae8ca5046898ea8c4bd47b5762b?pvs=21),"September 13, 2023 2:01 PM","September 13, 2023 2:03 PM",,,No,,,,,,,
B2_Vocabulary_07 | Cooking,,,Next Action,,,3 month english (https://www.notion.so/3-month-english-f10cfae8ca5046898ea8c4bd47b5762b?pvs=21),"September 13, 2023 2:01 PM","September 13, 2023 2:03 PM",,,No,,,,,,,
B2_Vocabulary_11 | Political systems,,,Next Action,,,3 month english (https://www.notion.so/3-month-english-f10cfae8ca5046898ea8c4bd47b5762b?pvs=21),"September 13, 2023 2:01 PM","September 13, 2023 2:03 PM",,,No,,,,,,,
"C1_Grammar_10 | Though, Although, Despite, In spite of",,,Next Action,,,3 month english (https://www.notion.so/3-month-english-f10cfae8ca5046898ea8c4bd47b5762b?pvs=21),"September 13, 2023 2:01 PM","September 13, 2023 2:03 PM",,,No,,,,,,,
C1_Topics_01 | Summarizing,,,Next Action,,,3 month english (https://www.notion.so/3-month-english-f10cfae8ca5046898ea8c4bd47b5762b?pvs=21),"September 13, 2023 2:01 PM","September 13, 2023 2:03 PM",,,No,,,,,,,
B2_Vocabulary_16 | Affixes,,,Next Action,,,3 month english (https://www.notion.so/3-month-english-f10cfae8ca5046898ea8c4bd47b5762b?pvs=21),"September 13, 2023 2:01 PM","September 13, 2023 2:03 PM",,,No,,,,,,,
C1_Grammar_01 | Habit in the Present and habit in the past,,,Next Action,,,3 month english (https://www.notion.so/3-month-english-f10cfae8ca5046898ea8c4bd47b5762b?pvs=21),"September 13, 2023 2:01 PM","September 13, 2023 2:03 PM",,,No,,,,,,,
C1_Grammar_11 | Unless,,,Next Action,,,3 month english (https://www.notion.so/3-month-english-f10cfae8ca5046898ea8c4bd47b5762b?pvs=21),"September 13, 2023 2:01 PM","September 13, 2023 2:03 PM",,,No,,,,,,,
B2_Vocabulary_13 | Pets and animals,,,Next Action,,,3 month english (https://www.notion.so/3-month-english-f10cfae8ca5046898ea8c4bd47b5762b?pvs=21),"September 13, 2023 2:01 PM","September 13, 2023 2:03 PM",,,No,,,,,,,
"C1_Grammar_09 | Compounds of some, any, no, every",,,Next Action,,,3 month english (https://www.notion.so/3-month-english-f10cfae8ca5046898ea8c4bd47b5762b?pvs=21),"September 13, 2023 2:01 PM","September 13, 2023 2:03 PM",,,No,,,,,,,
C1_Grammar_08 | Wish and If only,,,Next Action,,,3 month english (https://www.notion.so/3-month-english-f10cfae8ca5046898ea8c4bd47b5762b?pvs=21),"September 13, 2023 2:01 PM","September 13, 2023 2:03 PM",,,No,,,,,,,
B2_Vocabulary_15 | Hotel facilities,,,Next Action,,,3 month english (https://www.notion.so/3-month-english-f10cfae8ca5046898ea8c4bd47b5762b?pvs=21),"September 13, 2023 2:01 PM","September 13, 2023 2:03 PM",,,No,,,,,,,
C1_Grammar_06 | Phrasal verbs,,,Next Action,,,3 month english (https://www.notion.so/3-month-english-f10cfae8ca5046898ea8c4bd47b5762b?pvs=21),"September 13, 2023 2:01 PM","September 13, 2023 2:03 PM",,,No,,,,,,,
"C1_Grammar_04 | Will, going to, Present Simple, Present Continuous for the future",,,Next Action,,,3 month english (https://www.notion.so/3-month-english-f10cfae8ca5046898ea8c4bd47b5762b?pvs=21),"September 13, 2023 2:01 PM","September 13, 2023 2:03 PM",,,No,,,,,,,
C1_Grammar_05 | Future Perfect,,,Next Action,,,3 month english (https://www.notion.so/3-month-english-f10cfae8ca5046898ea8c4bd47b5762b?pvs=21),"September 13, 2023 2:01 PM","September 13, 2023 2:03 PM",,,No,,,,,,,
"C1_Grammar_07 | Zero, first, second and third conditionals",,,Next Action,,,3 month english (https://www.notion.so/3-month-english-f10cfae8ca5046898ea8c4bd47b5762b?pvs=21),"September 13, 2023 2:01 PM","September 13, 2023 2:03 PM",,,No,,,,,,,
C1_Grammar_03 | Past Simple and Past Continuous and Past Perfect,,,Next Action,,,3 month english (https://www.notion.so/3-month-english-f10cfae8ca5046898ea8c4bd47b5762b?pvs=21),"September 13, 2023 2:01 PM","September 13, 2023 2:03 PM",,,No,,,,,,,
C1_Grammar_02 | Present Perfect Simple and Present Perfect Continuous,,,Next Action,,,3 month english (https://www.notion.so/3-month-english-f10cfae8ca5046898ea8c4bd47b5762b?pvs=21),"September 13, 2023 2:01 PM","September 13, 2023 2:03 PM",,,No,,,,,,,
B2_Vocabulary_14 | Consumer services,,,Next Action,,,3 month english (https://www.notion.so/3-month-english-f10cfae8ca5046898ea8c4bd47b5762b?pvs=21),"September 13, 2023 2:01 PM","September 13, 2023 2:03 PM",,,No,,,,,,,
"C1_Vocabulary_02 | Work, working conditions",,,Next Action,,,3 month english (https://www.notion.so/3-month-english-f10cfae8ca5046898ea8c4bd47b5762b?pvs=21),"September 13, 2023 2:01 PM","September 13, 2023 2:03 PM",,,No,,,,,,,
C1_Topics_08 | Adding information,,,Next Action,,,3 month english (https://www.notion.so/3-month-english-f10cfae8ca5046898ea8c4bd47b5762b?pvs=21),"September 13, 2023 2:01 PM","September 13, 2023 2:03 PM",,,No,,,,,,,
C1_Topics_06 | Emphasizing,,,Next Action,,,3 month english (https://www.notion.so/3-month-english-f10cfae8ca5046898ea8c4bd47b5762b?pvs=21),"September 13, 2023 2:01 PM","September 13, 2023 2:03 PM",,,No,,,,,,,
C1_Topics_12 | Giving examples,,,Next Action,,,3 month english (https://www.notion.so/3-month-english-f10cfae8ca5046898ea8c4bd47b5762b?pvs=21),"September 13, 2023 2:01 PM","September 13, 2023 2:03 PM",,,No,,,,,,,
C1_Vocabulary_04 | Transportation,,,Next Action,,,3 month english (https://www.notion.so/3-month-english-f10cfae8ca5046898ea8c4bd47b5762b?pvs=21),"September 13, 2023 2:01 PM","September 13, 2023 2:03 PM",,,No,,,,,,,
C1_Topics_02 | Expressing regret,,,Next Action,,,3 month english (https://www.notion.so/3-month-english-f10cfae8ca5046898ea8c4bd47b5762b?pvs=21),"September 13, 2023 2:01 PM","September 13, 2023 2:03 PM",,,No,,,,,,,
C1_Topics_07 | Stating contrast,,,Next Action,,,3 month english (https://www.notion.so/3-month-english-f10cfae8ca5046898ea8c4bd47b5762b?pvs=21),"September 13, 2023 2:01 PM","September 13, 2023 2:03 PM",,,No,,,,,,,
C1_Topics_11 | Order arguments,,,Next Action,,,3 month english (https://www.notion.so/3-month-english-f10cfae8ca5046898ea8c4bd47b5762b?pvs=21),"September 13, 2023 2:01 PM","September 13, 2023 2:03 PM",,,No,,,,,,,
C1_Topics_04 | Describing cause and effect,,,Next Action,,,3 month english (https://www.notion.so/3-month-english-f10cfae8ca5046898ea8c4bd47b5762b?pvs=21),"September 13, 2023 2:01 PM","September 13, 2023 2:03 PM",,,No,,,,,,,
C1_Topics_05 | Stating purpose,,,Next Action,,,3 month english (https://www.notion.so/3-month-english-f10cfae8ca5046898ea8c4bd47b5762b?pvs=21),"September 13, 2023 2:01 PM","September 13, 2023 2:03 PM",,,No,,,,,,,
C1_Topics_03 | Drawing conclusions,,,Next Action,,,3 month english (https://www.notion.so/3-month-english-f10cfae8ca5046898ea8c4bd47b5762b?pvs=21),"September 13, 2023 2:01 PM","September 13, 2023 2:03 PM",,,No,,,,,,,
C1_Vocabulary_03 | Approximations with –ish,,,Next Action,,,3 month english (https://www.notion.so/3-month-english-f10cfae8ca5046898ea8c4bd47b5762b?pvs=21),"September 13, 2023 2:01 PM","September 13, 2023 2:03 PM",,,No,,,,,,,
C1_Topics_09 | Commiserating,,,Next Action,,,3 month english (https://www.notion.so/3-month-english-f10cfae8ca5046898ea8c4bd47b5762b?pvs=21),"September 13, 2023 2:01 PM","September 13, 2023 2:03 PM",,,No,,,,,,,
C1_Vocabulary_05 | Relationships,,,Next Action,,,3 month english (https://www.notion.so/3-month-english-f10cfae8ca5046898ea8c4bd47b5762b?pvs=21),"September 13, 2023 2:01 PM","September 13, 2023 2:03 PM",,,No,,,,,,,
C1_Vocabulary_01 | Collocations,,,Next Action,,,3 month english (https://www.notion.so/3-month-english-f10cfae8ca5046898ea8c4bd47b5762b?pvs=21),"September 13, 2023 2:01 PM","September 13, 2023 2:03 PM",,,No,,,,,,,
C1_Topics_10 | Clarifying,,,Next Action,,,3 month english (https://www.notion.so/3-month-english-f10cfae8ca5046898ea8c4bd47b5762b?pvs=21),"September 13, 2023 2:01 PM","September 13, 2023 2:03 PM",,,No,,,,,,,
C1_Vocabulary_14 | Participle Adjectives,,,Next Action,,,3 month english (https://www.notion.so/3-month-english-f10cfae8ca5046898ea8c4bd47b5762b?pvs=21),"September 13, 2023 2:01 PM","September 13, 2023 2:03 PM",,,No,,,,,,,
C1_Vocabulary_06 | Connotation,,,Next Action,,,3 month english (https://www.notion.so/3-month-english-f10cfae8ca5046898ea8c4bd47b5762b?pvs=21),"September 13, 2023 2:01 PM","September 13, 2023 2:03 PM",,,No,,,,,,,
C1_Vocabulary_12 | At the bank,,,Next Action,,,3 month english (https://www.notion.so/3-month-english-f10cfae8ca5046898ea8c4bd47b5762b?pvs=21),"September 13, 2023 2:01 PM","September 13, 2023 2:03 PM",,,No,,,,,,,
C1_Vocabulary_13 | Colloquial expressions and slang,,,Next Action,,,3 month english (https://www.notion.so/3-month-english-f10cfae8ca5046898ea8c4bd47b5762b?pvs=21),"September 13, 2023 2:01 PM","September 13, 2023 2:03 PM",,,No,,,,,,,
C2_Grammar_07 | Future Continuous,,,Next Action,,,3 month english (https://www.notion.so/3-month-english-f10cfae8ca5046898ea8c4bd47b5762b?pvs=21),"September 13, 2023 2:01 PM","September 13, 2023 2:03 PM",,,No,,,,,,,
C1_Vocabulary_08 | Idiomatic expressions,,,Next Action,,,3 month english (https://www.notion.so/3-month-english-f10cfae8ca5046898ea8c4bd47b5762b?pvs=21),"September 13, 2023 2:01 PM","September 13, 2023 2:03 PM",,,No,,,,,,,
C2_Grammar_03 | Past Perfect,,,Next Action,,,3 month english (https://www.notion.so/3-month-english-f10cfae8ca5046898ea8c4bd47b5762b?pvs=21),"September 13, 2023 2:01 PM","September 13, 2023 2:03 PM",,,No,,,,,,,
C2_Grammar_05 | Order of adjectives,,,Next Action,,,3 month english (https://www.notion.so/3-month-english-f10cfae8ca5046898ea8c4bd47b5762b?pvs=21),"September 13, 2023 2:01 PM","September 13, 2023 2:03 PM",,,No,,,,,,,
C1_Vocabulary_07 | Homonyms,,,Next Action,,,3 month english (https://www.notion.so/3-month-english-f10cfae8ca5046898ea8c4bd47b5762b?pvs=21),"September 13, 2023 2:01 PM","September 13, 2023 2:03 PM",,,No,,,,,,,
C2_Grammar_04 | Order of adverbs,,,Next Action,,,3 month english (https://www.notion.so/3-month-english-f10cfae8ca5046898ea8c4bd47b5762b?pvs=21),"September 13, 2023 2:01 PM","September 13, 2023 2:03 PM",,,No,,,,,,,
C1_Vocabulary_11 | Geography and climate,,,Next Action,,,3 month english (https://www.notion.so/3-month-english-f10cfae8ca5046898ea8c4bd47b5762b?pvs=21),"September 13, 2023 2:01 PM","September 13, 2023 2:03 PM",,,No,,,,,,,
C1_Vocabulary_09 | Sport and leisure,,,Next Action,,,3 month english (https://www.notion.so/3-month-english-f10cfae8ca5046898ea8c4bd47b5762b?pvs=21),"September 13, 2023 2:01 PM","September 13, 2023 2:03 PM",,,No,,,,,,,
C2_Grammar_06 | Ellipsis and elision,,,Next Action,,,3 month english (https://www.notion.so/3-month-english-f10cfae8ca5046898ea8c4bd47b5762b?pvs=21),"September 13, 2023 2:01 PM","September 13, 2023 2:03 PM",,,No,,,,,,,
C2_Grammar_08 | Mixed conditionals,,,Next Action,,,3 month english (https://www.notion.so/3-month-english-f10cfae8ca5046898ea8c4bd47b5762b?pvs=21),"September 13, 2023 2:01 PM","September 13, 2023 2:03 PM",,,No,,,,,,,
C1_Vocabulary_10 | Euphemisms,,,Next Action,,,3 month english (https://www.notion.so/3-month-english-f10cfae8ca5046898ea8c4bd47b5762b?pvs=21),"September 13, 2023 2:01 PM","September 13, 2023 2:03 PM",,,No,,,,,,,
C2_Grammar_01 | Uses of continuous tenses,,,Next Action,,,3 month english (https://www.notion.so/3-month-english-f10cfae8ca5046898ea8c4bd47b5762b?pvs=21),"September 13, 2023 2:01 PM","September 13, 2023 2:03 PM",,,No,,,,,,,
C2_Grammar_02 | Uses of would,,,Next Action,,,3 month english (https://www.notion.so/3-month-english-f10cfae8ca5046898ea8c4bd47b5762b?pvs=21),"September 13, 2023 2:01 PM","September 13, 2023 2:03 PM",,,No,,,,,,,
C2_Topics_04 | Checking and clarifying information,,,Next Action,,,3 month english (https://www.notion.so/3-month-english-f10cfae8ca5046898ea8c4bd47b5762b?pvs=21),"September 13, 2023 2:01 PM","September 13, 2023 2:03 PM",,,No,,,,,,,
C2_Topics_08 | Speculating,,,Next Action,,,3 month english (https://www.notion.so/3-month-english-f10cfae8ca5046898ea8c4bd47b5762b?pvs=21),"September 13, 2023 2:01 PM","September 13, 2023 2:03 PM",,,No,,,,,,,
C2_Topics_13 | Describing situations,,,Next Action,,,3 month english (https://www.notion.so/3-month-english-f10cfae8ca5046898ea8c4bd47b5762b?pvs=21),"September 13, 2023 2:01 PM","September 13, 2023 2:03 PM",,,No,,,,,,,
C2_Topics_02 | Instructing,,,Next Action,,,3 month english (https://www.notion.so/3-month-english-f10cfae8ca5046898ea8c4bd47b5762b?pvs=21),"September 13, 2023 2:01 PM","September 13, 2023 2:03 PM",,,No,,,,,,,
C2_Vocabulary_01 | Astrology and religions,,,Next Action,,,3 month english (https://www.notion.so/3-month-english-f10cfae8ca5046898ea8c4bd47b5762b?pvs=21),"September 13, 2023 2:01 PM","September 13, 2023 2:03 PM",,,No,,,,,,,
C2_Grammar_09 | Inversions and negative adverbials,,,Next Action,,,3 month english (https://www.notion.so/3-month-english-f10cfae8ca5046898ea8c4bd47b5762b?pvs=21),"September 13, 2023 2:01 PM","September 13, 2023 2:03 PM",,,No,,,,,,,
C2_Vocabulary_02 | Nostalgia,,,Next Action,,,3 month english (https://www.notion.so/3-month-english-f10cfae8ca5046898ea8c4bd47b5762b?pvs=21),"September 13, 2023 2:01 PM","September 13, 2023 2:03 PM",,,No,,,,,,,
C2_Topics_12 | Describing things,,,Next Action,,,3 month english (https://www.notion.so/3-month-english-f10cfae8ca5046898ea8c4bd47b5762b?pvs=21),"September 13, 2023 2:01 PM","September 13, 2023 2:03 PM",,,No,,,,,,,
C2_Topics_09 | Expressing annoyance,,,Next Action,,,3 month english (https://www.notion.so/3-month-english-f10cfae8ca5046898ea8c4bd47b5762b?pvs=21),"September 13, 2023 2:01 PM","September 13, 2023 2:03 PM",,,No,,,,,,,
C2_Topics_01 | Contradicting,,,Next Action,,,3 month english (https://www.notion.so/3-month-english-f10cfae8ca5046898ea8c4bd47b5762b?pvs=21),"September 13, 2023 2:01 PM","September 13, 2023 2:03 PM",,,No,,,,,,,
C2_Topics_10 | Comparing and contrasting,,,Next Action,,,3 month english (https://www.notion.so/3-month-english-f10cfae8ca5046898ea8c4bd47b5762b?pvs=21),"September 13, 2023 2:01 PM","September 13, 2023 2:03 PM",,,No,,,,,,,
C2_Topics_03 | Expressing opinions formally and informally,,,Next Action,,,3 month english (https://www.notion.so/3-month-english-f10cfae8ca5046898ea8c4bd47b5762b?pvs=21),"September 13, 2023 2:01 PM","September 13, 2023 2:03 PM",,,No,,,,,,,
C2_Topics_07 | Persuading and convincing,,,Next Action,,,3 month english (https://www.notion.so/3-month-english-f10cfae8ca5046898ea8c4bd47b5762b?pvs=21),"September 13, 2023 2:01 PM","September 13, 2023 2:03 PM",,,No,,,,,,,
C2_Topics_11 | Describing people,,,Next Action,,,3 month english (https://www.notion.so/3-month-english-f10cfae8ca5046898ea8c4bd47b5762b?pvs=21),"September 13, 2023 2:01 PM","September 13, 2023 2:03 PM",,,No,,,,,,,
C2_Topics_06 | Expanding and exemplifying,,,Next Action,,,3 month english (https://www.notion.so/3-month-english-f10cfae8ca5046898ea8c4bd47b5762b?pvs=21),"September 13, 2023 2:01 PM","September 13, 2023 2:03 PM",,,No,,,,,,,
C2_Topics_05 | Paraphrasing,,,Next Action,,,3 month english (https://www.notion.so/3-month-english-f10cfae8ca5046898ea8c4bd47b5762b?pvs=21),"September 13, 2023 2:01 PM","September 13, 2023 2:03 PM",,,No,,,,,,,
C2_Vocabulary_10 | Diet and health,,,Next Action,,,3 month english (https://www.notion.so/3-month-english-f10cfae8ca5046898ea8c4bd47b5762b?pvs=21),"September 13, 2023 2:01 PM","September 13, 2023 2:03 PM",,,No,,,,,,,
C2_Vocabulary_16 | Children’s development,,,Next Action,,,3 month english (https://www.notion.so/3-month-english-f10cfae8ca5046898ea8c4bd47b5762b?pvs=21),"September 13, 2023 2:01 PM","September 13, 2023 2:03 PM",,,No,,,,,,,
C2_Vocabulary_05 | Eccentricity and individuality,,,Next Action,,,3 month english (https://www.notion.so/3-month-english-f10cfae8ca5046898ea8c4bd47b5762b?pvs=21),"September 13, 2023 2:01 PM","September 13, 2023 2:03 PM",,,No,,,,,,,
C2_Vocabulary_17 | Advertising,,,Next Action,,,3 month english (https://www.notion.so/3-month-english-f10cfae8ca5046898ea8c4bd47b5762b?pvs=21),"September 13, 2023 2:01 PM","September 13, 2023 2:03 PM",,,No,,,,,,,
C2_Vocabulary_08 | Gender,,,Next Action,,,3 month english (https://www.notion.so/3-month-english-f10cfae8ca5046898ea8c4bd47b5762b?pvs=21),"September 13, 2023 2:01 PM","September 13, 2023 2:03 PM",,,No,,,,,,,
C2_Vocabulary_12 | Moral and personal dilemmas,,,Next Action,,,3 month english (https://www.notion.so/3-month-english-f10cfae8ca5046898ea8c4bd47b5762b?pvs=21),"September 13, 2023 2:01 PM","September 13, 2023 2:03 PM",,,No,,,,,,,
C2_Vocabulary_06 | Creativity,,,Next Action,,,3 month english (https://www.notion.so/3-month-english-f10cfae8ca5046898ea8c4bd47b5762b?pvs=21),"September 13, 2023 2:01 PM","September 13, 2023 2:03 PM",,,No,,,,,,,
C2_Vocabulary_07 | Age and cultural differences,,,Next Action,,,3 month english (https://www.notion.so/3-month-english-f10cfae8ca5046898ea8c4bd47b5762b?pvs=21),"September 13, 2023 2:01 PM","September 13, 2023 2:03 PM",,,No,,,,,,,
C2_Vocabulary_13 | Road safety and risk,,,Next Action,,,3 month english (https://www.notion.so/3-month-english-f10cfae8ca5046898ea8c4bd47b5762b?pvs=21),"September 13, 2023 2:01 PM","September 13, 2023 2:03 PM",,,No,,,,,,,
C2_Vocabulary_04 | Learning and educational systems,,,Next Action,,,3 month english (https://www.notion.so/3-month-english-f10cfae8ca5046898ea8c4bd47b5762b?pvs=21),"September 13, 2023 2:01 PM","September 13, 2023 2:03 PM",,,No,,,,,,,
C2_Vocabulary_14 | Home safety and risk,,,Next Action,,,3 month english (https://www.notion.so/3-month-english-f10cfae8ca5046898ea8c4bd47b5762b?pvs=21),"September 13, 2023 2:01 PM","September 13, 2023 2:03 PM",,,No,,,,,,,
C2_Vocabulary_11 | Types of communication,,,Next Action,,,3 month english (https://www.notion.so/3-month-english-f10cfae8ca5046898ea8c4bd47b5762b?pvs=21),"September 13, 2023 2:01 PM","September 13, 2023 2:03 PM",,,No,,,,,,,
C2_Vocabulary_18 | Architecture,,,Next Action,,,3 month english (https://www.notion.so/3-month-english-f10cfae8ca5046898ea8c4bd47b5762b?pvs=21),"September 13, 2023 2:01 PM","September 13, 2023 2:03 PM",,,No,,,,,,,
C2_Vocabulary_15 | Environmental issues,,,Next Action,,,3 month english (https://www.notion.so/3-month-english-f10cfae8ca5046898ea8c4bd47b5762b?pvs=21),"September 13, 2023 2:01 PM","September 13, 2023 2:03 PM",,,No,,,,,,,
C2_Vocabulary_03 | Coincidences and experiences,,,Next Action,,,3 month english (https://www.notion.so/3-month-english-f10cfae8ca5046898ea8c4bd47b5762b?pvs=21),"September 13, 2023 2:01 PM","September 13, 2023 2:03 PM",,,No,,,,,,,
C2_Vocabulary_09 | Politics,,,Next Action,,,3 month english (https://www.notion.so/3-month-english-f10cfae8ca5046898ea8c4bd47b5762b?pvs=21),"September 13, 2023 2:01 PM","September 13, 2023 2:03 PM",,,No,,,,,,,
https://www.linkedin.com/learning/introduction-to-career-skills-in-software-development?contextUrn=urn%3Ali%3AlyndaLearningPath%3A62f55081498ea51c77208c51,,,Completed,,,LinkedIN Learning (https://www.notion.so/LinkedIN-Learning-046d9e6a26164541b9f9fb7e882f2eb7?pvs=21),"September 13, 2023 10:30 PM","September 13, 2023 10:30 PM",,,No,,,,,,,
Treino A1,"September 16, 2023",,Completed,,,Projeto 63 dias - FB (https://www.notion.so/Projeto-63-dias-FB-1cdbe048ab3c45f38778ef3fd7293ca1?pvs=21),"September 13, 2023 11:16 PM","September 18, 2023 11:18 AM",,,No,,,,,,,
Treino B1,"September 18, 2023",,Completed,,,Projeto 63 dias - FB (https://www.notion.so/Projeto-63-dias-FB-1cdbe048ab3c45f38778ef3fd7293ca1?pvs=21),"September 13, 2023 11:16 PM","September 18, 2023 11:18 AM",,,No,,,,,,,
Treino C1,"September 20, 2023",,Next Action,,,Projeto 63 dias - FB (https://www.notion.so/Projeto-63-dias-FB-1cdbe048ab3c45f38778ef3fd7293ca1?pvs=21),"September 13, 2023 11:16 PM","September 18, 2023 11:18 AM",,,No,,,,,,,
Treino A2,"September 22, 2023",,Next Action,,,Projeto 63 dias - FB (https://www.notion.so/Projeto-63-dias-FB-1cdbe048ab3c45f38778ef3fd7293ca1?pvs=21),"September 13, 2023 11:17 PM","September 18, 2023 11:18 AM",,,No,,,,,,,
Treino B2,,,Next Action,,,Projeto 63 dias - FB (https://www.notion.so/Projeto-63-dias-FB-1cdbe048ab3c45f38778ef3fd7293ca1?pvs=21),"September 13, 2023 11:17 PM","September 13, 2023 11:17 PM",,,No,,,,,,,
Treino C2,,,Next Action,,,Projeto 63 dias - FB (https://www.notion.so/Projeto-63-dias-FB-1cdbe048ab3c45f38778ef3fd7293ca1?pvs=21),"September 13, 2023 11:17 PM","September 13, 2023 11:17 PM",,,No,,,,,,,
Treino A3,,,Next Action,,,Projeto 63 dias - FB (https://www.notion.so/Projeto-63-dias-FB-1cdbe048ab3c45f38778ef3fd7293ca1?pvs=21),"September 13, 2023 11:17 PM","September 13, 2023 11:17 PM",,,No,,,,,,,
Treino B3,,,Next Action,,,Projeto 63 dias - FB (https://www.notion.so/Projeto-63-dias-FB-1cdbe048ab3c45f38778ef3fd7293ca1?pvs=21),"September 13, 2023 11:17 PM","September 13, 2023 11:17 PM",,,No,,,,,,,
Treino C3,,,Next Action,,,Projeto 63 dias - FB (https://www.notion.so/Projeto-63-dias-FB-1cdbe048ab3c45f38778ef3fd7293ca1?pvs=21),"September 13, 2023 11:17 PM","September 13, 2023 11:17 PM",,,No,,,,,,,
Treino A4,,,Next Action,,,Projeto 63 dias - FB (https://www.notion.so/Projeto-63-dias-FB-1cdbe048ab3c45f38778ef3fd7293ca1?pvs=21),"September 13, 2023 11:17 PM","September 13, 2023 11:18 PM",,,No,,,,,,,
Treino B4,,,Next Action,,,Projeto 63 dias - FB (https://www.notion.so/Projeto-63-dias-FB-1cdbe048ab3c45f38778ef3fd7293ca1?pvs=21),"September 13, 2023 11:18 PM","September 13, 2023 11:18 PM",,,No,,,,,,,
Treino C4,,,Next Action,,,Projeto 63 dias - FB (https://www.notion.so/Projeto-63-dias-FB-1cdbe048ab3c45f38778ef3fd7293ca1?pvs=21),"September 13, 2023 11:18 PM","September 13, 2023 11:18 PM",,,No,,,,,,,
Treino A5,,,Next Action,,,Projeto 63 dias - FB (https://www.notion.so/Projeto-63-dias-FB-1cdbe048ab3c45f38778ef3fd7293ca1?pvs=21),"September 13, 2023 11:18 PM","September 13, 2023 11:18 PM",,,No,,,,,,,
Treino B5,,,Next Action,,,Projeto 63 dias - FB (https://www.notion.so/Projeto-63-dias-FB-1cdbe048ab3c45f38778ef3fd7293ca1?pvs=21),"September 13, 2023 11:18 PM","September 13, 2023 11:18 PM",,,No,,,,,,,
Treino C5,,,Next Action,,,Projeto 63 dias - FB (https://www.notion.so/Projeto-63-dias-FB-1cdbe048ab3c45f38778ef3fd7293ca1?pvs=21),"September 13, 2023 11:18 PM","September 13, 2023 11:18 PM",,,No,,,,,,,
Treino A6,,,Next Action,,,Projeto 63 dias - FB (https://www.notion.so/Projeto-63-dias-FB-1cdbe048ab3c45f38778ef3fd7293ca1?pvs=21),"September 13, 2023 11:18 PM","September 13, 2023 11:19 PM",,,No,,,,,,,
Treino B6,,,Next Action,,,Projeto 63 dias - FB (https://www.notion.so/Projeto-63-dias-FB-1cdbe048ab3c45f38778ef3fd7293ca1?pvs=21),"September 13, 2023 11:18 PM","September 13, 2023 11:19 PM",,,No,,,,,,,
Treino C6,,,Next Action,,,Projeto 63 dias - FB (https://www.notion.so/Projeto-63-dias-FB-1cdbe048ab3c45f38778ef3fd7293ca1?pvs=21),"September 13, 2023 11:18 PM","September 13, 2023 11:19 PM",,,No,,,,,,,
Treino A7,,,Next Action,,,Projeto 63 dias - FB (https://www.notion.so/Projeto-63-dias-FB-1cdbe048ab3c45f38778ef3fd7293ca1?pvs=21),"September 13, 2023 11:18 PM","September 13, 2023 11:19 PM",,,No,,,,,,,
Treino B7,,,Next Action,,,Projeto 63 dias - FB (https://www.notion.so/Projeto-63-dias-FB-1cdbe048ab3c45f38778ef3fd7293ca1?pvs=21),"September 13, 2023 11:19 PM","September 13, 2023 11:19 PM",,,No,,,,,,,
Treino C7,,,Next Action,,,Projeto 63 dias - FB (https://www.notion.so/Projeto-63-dias-FB-1cdbe048ab3c45f38778ef3fd7293ca1?pvs=21),"September 13, 2023 11:19 PM","September 13, 2023 11:19 PM",,,No,,,,,,,
Treino A8,,,Next Action,,,Projeto 63 dias - FB (https://www.notion.so/Projeto-63-dias-FB-1cdbe048ab3c45f38778ef3fd7293ca1?pvs=21),"September 13, 2023 11:19 PM","September 13, 2023 11:19 PM",,,No,,,,,,,
Treino B8,,,Next Action,,,Projeto 63 dias - FB (https://www.notion.so/Projeto-63-dias-FB-1cdbe048ab3c45f38778ef3fd7293ca1?pvs=21),"September 13, 2023 11:19 PM","September 13, 2023 11:19 PM",,,No,,,,,,,
Treino C8,,,Next Action,,,Projeto 63 dias - FB (https://www.notion.so/Projeto-63-dias-FB-1cdbe048ab3c45f38778ef3fd7293ca1?pvs=21),"September 13, 2023 11:19 PM","September 13, 2023 11:19 PM",,,No,,,,,,,
Treino A9,,,Next Action,,,Projeto 63 dias - FB (https://www.notion.so/Projeto-63-dias-FB-1cdbe048ab3c45f38778ef3fd7293ca1?pvs=21),"September 13, 2023 11:19 PM","September 13, 2023 11:19 PM",,,No,,,,,,,
Treino B9,,,Next Action,,,Projeto 63 dias - FB (https://www.notion.so/Projeto-63-dias-FB-1cdbe048ab3c45f38778ef3fd7293ca1?pvs=21),"September 13, 2023 11:19 PM","September 13, 2023 11:19 PM",,,No,,,,,,,
Treino C9,,,Next Action,,,Projeto 63 dias - FB (https://www.notion.so/Projeto-63-dias-FB-1cdbe048ab3c45f38778ef3fd7293ca1?pvs=21),"September 13, 2023 11:19 PM","September 13, 2023 11:20 PM",,,No,,,,,,,
Aula 1 - Assistir,"September 13, 2023",,Completed,,,NLW (https://www.notion.so/NLW-b7514c285a254c6bacef1021d2c21a9e?pvs=21),"September 13, 2023 11:29 PM","September 13, 2023 11:30 PM",,,No,,,,,,,
Aula 1 - Codar,,,Next Action,,,NLW (https://www.notion.so/NLW-b7514c285a254c6bacef1021d2c21a9e?pvs=21),"September 13, 2023 11:29 PM","September 18, 2023 11:17 AM",,,No,,,,,,,
Aula 2 - Assistir,,,Next Action,,,NLW (https://www.notion.so/NLW-b7514c285a254c6bacef1021d2c21a9e?pvs=21),"September 13, 2023 11:29 PM","September 18, 2023 11:17 AM",,,No,,,,,,,
Aula 2- Codar,,,Next Action,,,NLW (https://www.notion.so/NLW-b7514c285a254c6bacef1021d2c21a9e?pvs=21),"September 13, 2023 11:30 PM","September 18, 2023 11:17 AM",,,No,,,,,,,
Aula 3 - Assistir,,,Next Action,,,NLW (https://www.notion.so/NLW-b7514c285a254c6bacef1021d2c21a9e?pvs=21),"September 13, 2023 11:30 PM","September 18, 2023 11:17 AM",,,No,,,,,,,
Aula 3 - Codar,,,Next Action,,,NLW (https://www.notion.so/NLW-b7514c285a254c6bacef1021d2c21a9e?pvs=21),"September 13, 2023 11:30 PM","September 18, 2023 11:17 AM",,,No,,,,,,,
Chemical Product Knowledge 1,"September 19, 2023",,Completed,,,Lessonly (https://www.notion.so/Lessonly-b9f77ae7644243f9b9cb57f346165c00?pvs=21),"September 18, 2023 8:55 PM","September 18, 2023 9:42 PM",,,No,,,Chemical Product Knowledge 1 (https://www.notion.so/Chemical-Product-Knowledge-1-549a407c7a4e4566bb93df33b8f1279b?pvs=21),,,,
Foundations of Dish,"September 19, 2023",,Next Action,,,Lessonly (https://www.notion.so/Lessonly-b9f77ae7644243f9b9cb57f346165c00?pvs=21),"September 18, 2023 8:56 PM","September 18, 2023 8:56 PM",,,No,,,,,,,
Intro to the Kitchen Line,"September 19, 2023",,Next Action,,,Lessonly (https://www.notion.so/Lessonly-b9f77ae7644243f9b9cb57f346165c00?pvs=21),"September 18, 2023 8:56 PM","September 18, 2023 8:56 PM",,,No,,,,,,,
Foundations of our Kitchen,"September 19, 2023",,Next Action,,,Lessonly (https://www.notion.so/Lessonly-b9f77ae7644243f9b9cb57f346165c00?pvs=21),"September 18, 2023 8:56 PM","September 18, 2023 8:56 PM",,,No,,,,,,,
Chemical Product Knowledge 2,"September 19, 2023",,Next Action,,,Lessonly (https://www.notion.so/Lessonly-b9f77ae7644243f9b9cb57f346165c00?pvs=21),"September 18, 2023 8:56 PM","September 18, 2023 8:57 PM",,,No,,,,,,,
Slides | Food Orientation,"September 21, 2023",,Next Action,,,Lessonly (https://www.notion.so/Lessonly-b9f77ae7644243f9b9cb57f346165c00?pvs=21),"September 18, 2023 8:57 PM","September 18, 2023 8:57 PM",,,No,,,,,,,
Safe Food Handling Level 1,"September 21, 2023",,Next Action,,,Lessonly (https://www.notion.so/Lessonly-b9f77ae7644243f9b9cb57f346165c00?pvs=21),"September 18, 2023 8:57 PM","September 18, 2023 8:57 PM",,,No,,,,,,,
PUSH | Hou-To’s,,,Next Action,,,Lessonly (https://www.notion.so/Lessonly-b9f77ae7644243f9b9cb57f346165c00?pvs=21),"September 18, 2023 8:57 PM","September 18, 2023 8:58 PM",,,No,,,,,,,
Learning Path | KP,,,Next Action,,,Lessonly (https://www.notion.so/Lessonly-b9f77ae7644243f9b9cb57f346165c00?pvs=21),"September 18, 2023 8:58 PM","September 18, 2023 8:58 PM",,,No,,,,,,,
Working in our Kitchens,,,Next Action,,,Lessonly (https://www.notion.so/Lessonly-b9f77ae7644243f9b9cb57f346165c00?pvs=21),"September 18, 2023 8:58 PM","September 18, 2023 8:58 PM",,,No,,,,,,,
What is Lessonly?,,,Completed,,,Lessonly (https://www.notion.so/Lessonly-b9f77ae7644243f9b9cb57f346165c00?pvs=21),"September 18, 2023 8:58 PM","September 18, 2023 9:06 PM",,,No,,,What is Lessonly? (https://www.notion.so/What-is-Lessonly-f7842e0840c3436ea0a615181f0bbdcb?pvs=21),,,,